Company Name,Company Type,SPCIQ Key,Table Type,HOLDER,COMMON_STOCK_EQUIVALENT_HELD__ACTUAL_,PERCENT_OF_COMMON_SHARES_OUTSTANDING____,MARKET_VALUE___M_,CHANGE_IN_SHARES__ACTUAL_,CHANGE____,POSITION_DATE,SOURCE,PORTFOLIO_TURNOVER_CATEGORY,PORTFOLIO_TURNOVER____,INVESTMENT_ORIENTATION,EQUITY_ASSETS___M_,CITY,STATE,COUNTRY,CALCULATED_INVESTMENT_STYLE,CALCULATED_MARKET_CAP_EMPHASIS,OWNER_TYPE,FUNDS,DERIVATIVES_EX__60_DAYS,INSTITUTION_IS_AN_ACTIVIST_
Global Oil Management Group,Private,331733837,No Table Found,,,,,,,,,,,,,,,,,,,,,
2i3 Interactive Inc.,Private,640270799,Shareholders,"Troy James Grant CEO,Director of Corporate Finance & Director",0,0.0,,"-4,730,000",-100.00,3/31/2022,,,,,,"Bedford,",,Canada,,,Individuals/Insiders,,,No
UBS Group AG,Public,416620,Shareholders,UBS Asset Management AG,"227,115,092",7.15,"6,984.1","-4,101,442",-1.77,12/31/2024,Multiple,Very Low,15.6,Active,"1,169,870.97",Zurich,,Switzerland,Growth,Large Cap,Traditional Investment Managers,97.0,,No
UBS Group AG,Public,416620,Shareholders,BlackRock Inc.,"195,254,813",6.15,"6,004.3",0,,12/31/2023,13G,Very Low,6.47,Passive,"6,683,205.41",New York,NY,USA,Growth,Large Cap,Traditional Investment Managers,120.0,,No
UBS Group AG,Public,416620,Shareholders,Norges Bank Investment Management,"183,111,351",5.77,"5,630.9","7,086,899",4.03,12/31/2024,13F,,,Active,"1,349,749.94",Oslo,,Norway,Growth,Large Cap,Sovereign Wealth Funds (>5% stake),1.0,,No
UBS Group AG,Public,416620,Shareholders,Vanguard Group Inc.,"127,886,868",4.03,"3,932.7","1,296,428",1.02,12/31/2024,13F,Very Low,2.83,Passive,"7,381,133.77",Malvern,PA,USA,Growth,Large Cap,Traditional Investment Managers,36.0,,No
UBS Group AG,Public,416620,Shareholders,Dodge & Cox,"90,404,342",2.85,"2,780.1","17,032,900",23.22,12/31/2024,Multiple,Very Low,13.25,Active,"265,735.01",San Francisco,CA,USA,GARP,Large Cap,Traditional Investment Managers,6.0,,No
UBS Group AG,Public,416620,Shareholders,Massachusetts Financial Services Company,"81,211,535",2.56,"2,497.4","-10,039,061",-11.00,12/31/2024,13F,Very Low,16.51,Active,"487,287.10",Boston,MA,USA,Growth,Large Cap,Traditional Investment Managers,48.0,,No
UBS Group AG,Public,416620,Shareholders,FMR LLC,"52,652,539",1.66,"1,619.1","12,137,274",29.96,12/31/2024,13F,Low,21.72,Active,"1,814,835.58",Boston,MA,USA,Growth,Large Cap,Traditional Investment Managers,45.0,,No
UBS Group AG,Public,416620,Shareholders,ZKB Asset Management,"51,379,092",1.62,"1,580.0","-5,970,432",-10.41,12/31/2024,13F,Very Low,18.33,Active,"54,642.43",Zurich,,Switzerland,Growth,Large Cap,Traditional Investment Managers,11.0,,No
UBS Group AG,Public,416620,Shareholders,Cevian Capital AB,"43,787,401",1.38,"1,346.5",0,,12/31/2024,13F,Very Low,14.48,Active,"13,639.16",Stockholm,,Sweden,GARP,Large Cap,Traditional Investment Managers,,,Yes
UBS Group AG,Public,416620,Shareholders,Capital Research and Management Co.,"37,488,362",1.18,"1,152.8","-1,949,421",-4.94,12/31/2024,Aggregated 13F,Low,21.3,Active,"2,315,098.28",Los Angeles,CA,USA,Growth,Large Cap,Traditional Investment Managers,6.0,,No
UBS Group AG,Public,416620,Shareholders,Pictet Asset Management Ltd.,"34,979,795",1.1,"1,075.7","5,555,624",18.88,12/31/2024,13F,Low,21.86,Active,"151,919.30",London,,United Kingdom,Growth,Large Cap,Traditional Investment Managers,14.0,,No
UBS Group AG,Public,416620,Shareholders,Pzena Investment Management Inc.,"29,590,323",0.93,909.9,"-1,212,143",-3.94,12/31/2024,13F,Low,25.43,Active,"59,721.52",New York,NY,USA,Value,Large Cap,Traditional Investment Managers,7.0,,No
UBS Group AG,Public,416620,Shareholders,Legal & General Investment Management Ltd.,"27,475,001",0.87,844.9,"-7,077,199",-20.48,12/31/2024,13F,Very Low,5.54,Passive,"499,675.80",London,,United Kingdom,Growth,Large Cap,Traditional Investment Managers,17.0,,No
UBS Group AG,Public,416620,Shareholders,Union Asset Management Holding AG,"26,385,915",0.83,811.4,"16,980,092",180.53,12/31/2024,13F,Moderate,53.71,Active,"139,266.16",Frankfurt am Main,,Germany,Growth,Large Cap,Traditional Investment Managers,13.0,,No
UBS Group AG,Public,416620,Shareholders,Deutsche Asset & Wealth Management,"23,719,428",0.75,729.4,"3,568,652",17.71,12/31/2024,13F,Very Low,17.59,Active,"374,931.74",New York,NY,USA,Growth,Large Cap,Traditional Investment Managers,30.0,,No
UBS Group AG,Public,416620,Shareholders,Arrowstreet Capital Ltd. Partnership,"20,690,244",0.65,636.3,"-1,448,285",-6.54,12/31/2024,13F,Moderate,68.93,Active,"143,829.54",Boston,MA,USA,Growth,Large Cap,Traditional Investment Managers,1.0,,No
UBS Group AG,Public,416620,Shareholders,Amundi Asset Management SAS,"18,657,568",0.59,573.7,"1,534,531",8.96,12/31/2024,Multiple,Low,27.88,Passive,"543,055.93",Paris,,France,Growth,Large Cap,Traditional Investment Managers,57.0,,No
UBS Group AG,Public,416620,Shareholders,Zürcher Kantonalbank,"17,993,442",0.57,553.3,0,,9/30/2024,Aggregated Mutual Funds,Very Low,5.15,Active,"15,362.74",Zurich,,Switzerland,GARP,Large Cap,Banks/Investment Banks,8.0,,No
UBS Group AG,Public,416620,Shareholders,Vontobel Asset Management Inc.,"16,445,068",0.52,505.7,"301,394",1.87,12/31/2024,13F,Low,27.44,Active,"35,739.42",New York,NY,USA,Growth,Large Cap,Traditional Investment Managers,1.0,,No
UBS Group AG,Public,416620,Shareholders,Dimensional Fund Advisors LP,"15,971,040",0.5,491.1,"-1,264,627",-7.34,12/31/2024,Multiple,Very Low,9.68,Active,"663,262.27",Austin,TX,USA,GARP,Large Cap,Traditional Investment Managers,47.0,,No
UBS Group AG,Public,416620,Shareholders,Goldman Sachs Asset Management LP,"15,927,591",0.5,489.8,"37,477",0.24,12/31/2024,13F,Low,23.69,Active,"381,262.62",New York,NY,USA,Growth,Large Cap,Traditional Investment Managers,27.0,,No
UBS Group AG,Public,416620,Shareholders,JPMorgan Chase & Co.,"13,555,216",0.43,416.8,"-13,040,999",-49.03,12/31/2024,13F,Low,34.53,Active,"374,696.12",New York,NY,USA,Growth,Large Cap,Banks/Investment Banks,,,No
UBS Group AG,Public,416620,Shareholders,Wellington Management Group LLP,"12,921,485",0.41,397.4,"-787,138",-5.74,12/31/2024,13F,Low,28.26,Active,"675,506.12",Boston,MA,USA,Growth,Large Cap,Traditional Investment Managers,12.0,,No
UBS Group AG,Public,416620,Shareholders,JP Morgan Asset Management,"12,908,894",0.41,397.0,"-11,566,521",-47.26,12/31/2024,13F,Low,22.52,Active,"976,642.88",New York,NY,USA,Growth,Large Cap,Traditional Investment Managers,51.0,,No
UBS Group AG,Public,416620,Shareholders,Teachers Insurance and Annuity Association- College Retirement Equities Fund,"12,433,241",0.39,382.3,"1,900,791",18.05,12/31/2024,Multiple,Very Low,15.55,Active,"399,856.49",New York,NY,USA,Growth,Large Cap,Traditional Investment Managers,3.0,,No
Actium Asset Management Pty Ltd,Private,587083844,No Table Found,,,,,,,,,,,,,,,,,,,,,
Suomen Malmijalostus Oy,Private,586770531,No Table Found,,,,,,,,,,,,,,,,,,,,,
Groupe Bruxelles Lambert SA,Public,874182,Shareholders,GF Fund Management Co. Ltd.,"16,466,423",12.97,"1,131.6",0,,6/30/2024,Aggregated Mutual Funds,Low,30.51,Passive,"45,902.25",Guangzhou,,China,Growth,Large Cap,Traditional Investment Managers,3.0,,No
Groupe Bruxelles Lambert SA,Public,874182,Shareholders,First Eagle Investment Management LLC,"10,495,498",8.26,721.3,"-42,784",-0.41,10/31/2024,Multiple,Very Low,9.39,Active,"70,873.51",New York,NY,USA,Growth,Large Cap,Traditional Investment Managers,7.0,,No
Groupe Bruxelles Lambert SA,Public,874182,Shareholders,Artisan Partners LP,"9,677,200",7.62,665.0,0,,5/2/2024,Exchange Announcement,Low,30.79,Active,"130,344.73",Milwaukee,WI,USA,Growth,Large Cap,Traditional Investment Managers,3.0,,No
Groupe Bruxelles Lambert SA,Public,874182,Shareholders,Sagerpar Société Anonyme,"4,836,721",3.81,332.4,0,,12/31/2023,Annual Report,,,,,Brussels,,Belgium,Unclassified,,Corporations (Private),,,No
Groupe Bruxelles Lambert SA,Public,874182,Shareholders,Norges Bank Investment Management,"4,566,877",3.6,313.9,0,,6/30/2024,Aggregated Mutual Funds,,,Active,"1,262,992.34",Oslo,,Norway,Growth,Large Cap,Sovereign Wealth Funds (<5% stake),1.0,,No
Groupe Bruxelles Lambert SA,Public,874182,Shareholders,BlackRock Inc.,"3,476,467",2.74,238.9,"-40,953",-1.16,12/31/2024,Multiple,Very Low,6.47,Passive,"6,253,630.39",New York,NY,USA,Growth,Large Cap,Traditional Investment Managers,104.0,,No
Groupe Bruxelles Lambert SA,Public,874182,Shareholders,Vanguard Group Inc.,"3,420,186",2.69,235.0,"27,313",0.81,12/31/2024,Multiple,Very Low,2.83,Passive,"6,906,698.15",Malvern,PA,USA,Growth,Large Cap,Traditional Investment Managers,36.0,,No
Groupe Bruxelles Lambert SA,Public,874182,Shareholders,Dacheng Fund Management Co. Ltd.,"2,118,800",1.67,145.6,0,,6/30/2024,Aggregated Mutual Funds,Low,33.27,Active,"16,166.13",Shenzhen,,China,GARP,Large Cap,Traditional Investment Managers,1.0,,No
Groupe Bruxelles Lambert SA,Public,874182,Shareholders,China Universal Asset Management Co. Ltd.,"1,693,200",1.33,116.4,0,,6/30/2024,Aggregated Mutual Funds,Low,30.78,Active,"31,061.82",Shanghai,,China,GARP,Large Cap,Traditional Investment Managers,3.0,,No
Groupe Bruxelles Lambert SA,Public,874182,Shareholders,Finpar Viii SRL,"1,200,421",0.95,82.5,0,,12/31/2023,Annual Report,,,,,Brussels,,Belgium,Unclassified,,Corporations (Private),,,No
Groupe Bruxelles Lambert SA,Public,874182,Shareholders,UBS Asset Management,"1,072,377",0.84,73.7,"46,048",4.49,12/31/2024,Multiple,Very Low,15.6,Active,"1,094,675.41",Zurich,,Switzerland,Growth,Large Cap,Traditional Investment Managers,53.0,,No
Groupe Bruxelles Lambert SA,Public,874182,Shareholders,FINPAR IX SRL,"940,880",0.74,64.7,0,,12/31/2023,Annual Report,,,,,,,Belgium,Unclassified,,Corporations (Private),,,No
Groupe Bruxelles Lambert SA,Public,874182,Shareholders,Hwabao WP Fund Management Co. Ltd.,"932,000",0.73,64.1,0,,6/30/2024,Aggregated Mutual Funds,Low,25.22,Active,"14,571.62",Shanghai,,China,GARP,Large Cap,Traditional Investment Managers,1.0,,No
Groupe Bruxelles Lambert SA,Public,874182,Shareholders,Pzena Investment Management Inc.,"913,986",0.72,62.8,0,,9/30/2024,Aggregated Mutual Funds,Low,25.43,Active,"55,882.81",New York,NY,USA,Value,Large Cap,Traditional Investment Managers,1.0,,No
Groupe Bruxelles Lambert SA,Public,874182,Shareholders,Amundi Asset Management SAS,"817,704",0.64,56.2,"177,067",27.64,12/31/2024,Aggregated Mutual Funds,Low,27.88,Passive,"508,150.03",Paris,,France,Growth,Large Cap,Traditional Investment Managers,57.0,,No
Groupe Bruxelles Lambert SA,Public,874182,Shareholders,Finpar Vii Srl,"674,382",0.53,46.3,0,,12/31/2023,Annual Report,,,,,,,Belgium,Unclassified,,Corporations (Private),,,No
Groupe Bruxelles Lambert SA,Public,874182,Shareholders,Geode Capital Management LLC,"586,118",0.46,40.3,"16,492",2.90,12/31/2024,Aggregated Mutual Funds,Very Low,2.55,Passive,"1,489,435.66",Boston,MA,USA,Growth,Large Cap,Traditional Investment Managers,13.0,,No
Groupe Bruxelles Lambert SA,Public,874182,Shareholders,Baron Frere,"453,715",0.36,31.2,0,,12/31/2023,Annual Report,,,,,,,Belgium,,,Individuals/Insiders,,,No
Groupe Bruxelles Lambert SA,Public,874182,Shareholders,Teachers Insurance and Annuity Association- College Retirement Equities Fund,"380,381",0.3,26.1,"6,373",1.70,10/31/2024,Multiple,Very Low,15.55,Active,"374,154.99",New York,NY,USA,Growth,Large Cap,Traditional Investment Managers,2.0,,No
Groupe Bruxelles Lambert SA,Public,874182,Shareholders,State Street Global Advisors Inc.,"310,805",0.24,21.4,"10,520",3.50,12/31/2024,Multiple,Very Low,4.82,Passive,"2,876,392.13",Boston,MA,USA,Growth,Large Cap,Traditional Investment Managers,42.0,,No
Groupe Bruxelles Lambert SA,Public,874182,Shareholders,RBC Global Asset Management Inc.,"278,223",0.22,19.1,0,,6/30/2024,Multiple,Low,25.29,Active,"153,134.15",Toronto,ON,Canada,Growth,Large Cap,Traditional Investment Managers,2.0,,No
Groupe Bruxelles Lambert SA,Public,874182,Shareholders,Charles Schwab Investment Management Inc.,"269,545",0.21,18.5,"-29,868",-9.98,12/31/2024,Multiple,Very Low,11.66,Passive,"574,556.11",San Francisco,CA,USA,Growth,Large Cap,Traditional Investment Managers,5.0,,No
Groupe Bruxelles Lambert SA,Public,874182,Shareholders,Bessemer Investment Management LLC,"246,851",0.19,17.0,"246,851",,10/31/2024,Aggregated Mutual Funds,Low,24.85,Active,"65,926.97",New York,NY,USA,Growth,Large Cap,Traditional Investment Managers,1.0,,No
Groupe Bruxelles Lambert SA,Public,874182,Shareholders,Sjunde AP-fonden,"239,823",0.19,16.5,0,,6/28/2024,Aggregated Mutual Funds,Very Low,2.44,Passive,"103,734.85",Stockholm,,Sweden,Growth,Large Cap,Government Pension Sponsors,1.0,,No
Groupe Bruxelles Lambert SA,Public,874182,Shareholders,HuaAn Fund Management Company Ltd.,"235,200",0.19,16.2,0,,6/30/2024,Aggregated Mutual Funds,Low,43.92,Active,"21,637.60",Shanghai,,China,GARP,Large Cap,Traditional Investment Managers,1.0,,No
"Grupo Techint, S.A. de C.V.",Private,36197879,No Table Found,,,,,,,,,,,,,,,,,,,,,
"Chengxin Lithium Group Co., Ltd. - 深圳盛新锂能集团股份有限公司",Public,45316580,Shareholders,Shenzhen Chengtun Industrial Development Co. Ltd.,"161,627,012",17.94,305.8,"-11,527,789",-6.66,11/16/2024,Exchange Announcement,,,,,,,China,Unclassified,,Corporations (Private),,,No
"Chengxin Lithium Group Co., Ltd. - 深圳盛新锂能集团股份有限公司",Public,45316580,Shareholders,BYD Company Ltd.,"46,630,917",5.18,88.2,0,,9/30/2024,CNINFO Periodic Filing,,,,,Shenzhen,,China,Unclassified,,Corporations (Public),,,No
"Chengxin Lithium Group Co., Ltd. - 深圳盛新锂能集团股份有限公司",Public,45316580,Shareholders,Sichuan Development Holding Co.Ltd.,"27,154,358",3.01,51.4,0,,9/30/2024,CNINFO Periodic Filing,,,,,Chengdu,,China,Unclassified,,Corporations (Private),,,No
"Chengxin Lithium Group Co., Ltd. - 深圳盛新锂能集团股份有限公司",Public,45316580,Shareholders,UBS SDIC Fund Management Co. Ltd.,"22,021,184",2.44,41.7,0,,6/30/2024,Aggregated Mutual Funds,Low,42.97,Active,590.09,,,China,GARP,Multi Cap,Traditional Investment Managers,6.0,,No
"Chengxin Lithium Group Co., Ltd. - 深圳盛新锂能集团股份有限公司",Public,45316580,Shareholders,Xiamen Tunchu Investment Partnership (Limited Partnership),"20,625,452",2.29,39.0,0,,11/16/2024,Exchange Announcement,,,,,,,China,Unclassified,,Corporations (Private),,,No
"Chengxin Lithium Group Co., Ltd. - 深圳盛新锂能集团股份有限公司",Public,45316580,Shareholders,Jian Hua Li,"20,549,000",2.28,38.9,0,,10/27/2023,CNINFO Periodic Filing,,,,,,,,,,Individuals/Insiders,,,No
"Chengxin Lithium Group Co., Ltd. - 深圳盛新锂能集团股份有限公司",Public,45316580,Shareholders,Xiao Qi Li,"18,440,000",2.05,34.9,0,,6/30/2023,CNINFO Periodic Filing,,,,,,,,,,Individuals/Insiders,,,No
"Chengxin Lithium Group Co., Ltd. - 深圳盛新锂能集团股份有限公司",Public,45316580,Shareholders,SDIC Unity Capital Co. Ltd.,"13,523,885",1.5,25.6,0,,9/30/2024,CNINFO Periodic Filing,,,,,Beijing,,China,Unclassified,,VC/PE Firms (<5% stake),,,No
"Chengxin Lithium Group Co., Ltd. - 深圳盛新锂能集团股份有限公司",Public,45316580,Shareholders,CS Capital Co. Ltd.,"13,523,885",1.5,25.6,0,,9/30/2024,CNINFO Periodic Filing,,,,,Beijing,,China,Unclassified,,VC/PE Firms (<5% stake),1.0,,No
"Chengxin Lithium Group Co., Ltd. - 深圳盛新锂能集团股份有限公司",Public,45316580,Shareholders,China Southern Asset Management Co. Ltd.,"12,178,304",1.35,23.0,0,,6/30/2024,Aggregated Mutual Funds,Low,24.55,Active,"6,337.57",,,China,GARP,Mid Cap,Traditional Investment Managers,9.0,,No
"Chengxin Lithium Group Co., Ltd. - 深圳盛新锂能集团股份有限公司",Public,45316580,Shareholders,Fullgoal Fund Management Co. Ltd.,"10,186,816",1.13,19.3,0,,6/30/2024,Aggregated Mutual Funds,Low,39.17,Active,"5,077.25",Shanghai,,China,GARP,Large Cap,Traditional Investment Managers,16.0,,No
"Chengxin Lithium Group Co., Ltd. - 深圳盛新锂能集团股份有限公司",Public,45316580,Shareholders,China Asset Management Co. Ltd.,"9,994,254",1.11,18.9,0,,6/30/2024,CNINFO Periodic Filing,Low,20.04,Passive,"12,673.18",Beijing,,China,GARP,Large Cap,Traditional Investment Managers,9.0,,No
"Chengxin Lithium Group Co., Ltd. - 深圳盛新锂能集团股份有限公司",Public,45316580,Shareholders,Fujian Shengtun Trading Co. Ltd.,"8,586,525",0.95,16.2,0,,11/16/2024,Exchange Announcement,,,,,Xiamen,,China,Unclassified,,Corporations (Private),,,No
"Chengxin Lithium Group Co., Ltd. - 深圳盛新锂能集团股份有限公司",Public,45316580,Shareholders,Harvest Fund Management Co. Ltd.,"5,881,968",0.65,11.1,0,,6/30/2024,Aggregated Mutual Funds,Low,21.91,Passive,"6,327.32",Beijing,,China,GARP,Large Cap,Traditional Investment Managers,10.0,,No
"Chengxin Lithium Group Co., Ltd. - 深圳盛新锂能集团股份有限公司",Public,45316580,Shareholders,China Universal Asset Management Co. Ltd.,"4,499,847",0.5,8.5,0,,6/30/2024,Aggregated Mutual Funds,Low,30.78,Active,"4,098.75",Shanghai,,China,GARP,Large Cap,Traditional Investment Managers,5.0,,No
"Chengxin Lithium Group Co., Ltd. - 深圳盛新锂能集团股份有限公司",Public,45316580,Shareholders,"Chengxin Lithium Group Co., Ltd., ESOP","4,331,358",0.48,8.2,0,,2/7/2024,Exchange Announcement,,,,,,,China,Unclassified,,ESOP,,,No
"Chengxin Lithium Group Co., Ltd. - 深圳盛新锂能集团股份有限公司",Public,45316580,Shareholders,ChangAn Fund Management Co.Ltd,"2,952,800",0.33,5.6,0,,6/30/2024,Aggregated Mutual Funds,Moderate,78.63,Active,72.02,Pudong,,China,Aggressive Growth,Large Cap,Traditional Investment Managers,2.0,,No
"Chengxin Lithium Group Co., Ltd. - 深圳盛新锂能集团股份有限公司",Public,45316580,Shareholders,Vanguard Group Inc.,"2,385,844",0.26,4.5,"144,300",6.44,12/31/2024,Aggregated Mutual Funds,Very Low,2.83,Passive,"911,371.58",Malvern,PA,USA,Growth,Large Cap,Traditional Investment Managers,13.0,,No
"Chengxin Lithium Group Co., Ltd. - 深圳盛新锂能集团股份有限公司",Public,45316580,Shareholders,Ping An UOB Fund Management Co. Ltd.,"2,063,894",0.23,3.9,0,,6/30/2024,Aggregated Mutual Funds,Moderate,56.05,Active,677.85,,,China,GARP,Large Cap,Traditional Investment Managers,2.0,,No
"Chengxin Lithium Group Co., Ltd. - 深圳盛新锂能集团股份有限公司",Public,45316580,Shareholders,Orient Fund Management Co. Ltd.,"1,900,755",0.21,3.6,0,,6/30/2024,Aggregated Mutual Funds,Low,39.18,Active,420.18,Beijing,,China,Aggressive Growth,Mid Cap,Traditional Investment Managers,1.0,,No
"Chengxin Lithium Group Co., Ltd. - 深圳盛新锂能集团股份有限公司",Public,45316580,Shareholders,Guotai Asset Mgmt Co. Ltd.,"1,707,987",0.19,3.2,0,,6/30/2024,Aggregated Mutual Funds,Low,23.33,Active,"3,387.92",Shanghai,,China,Growth,Large Cap,Traditional Investment Managers,6.0,,No
"Chengxin Lithium Group Co., Ltd. - 深圳盛新锂能集团股份有限公司",Public,45316580,Shareholders,Huatai- PineBridge Fund Management Co. Ltd.,"1,324,903",0.15,2.5,0,,6/30/2024,Aggregated Mutual Funds,Very Low,17.33,Active,"7,144.89",Shanghai,,China,GARP,Large Cap,Traditional Investment Managers,3.0,,No
"Chengxin Lithium Group Co., Ltd. - 深圳盛新锂能集团股份有限公司",Public,45316580,Shareholders,Dimensional Fund Advisors LP,"1,179,194",0.13,2.2,"-159,720",-11.93,12/31/2024,Multiple,Very Low,9.68,Active,"81,895.06",Austin,TX,USA,GARP,Large Cap,Traditional Investment Managers,29.0,,No
"Chengxin Lithium Group Co., Ltd. - 深圳盛新锂能集团股份有限公司",Public,45316580,Shareholders,Yi Zhou Chairman,"1,125,000",0.12,2.1,0,,12/31/2023,CNINFO Notification,,,,,,,China,,,Individuals/Insiders,,,No
"Chengxin Lithium Group Co., Ltd. - 深圳盛新锂能集团股份有限公司",Public,45316580,Shareholders,Tianhong Asset Management Co. Ltd.,"1,019,500",0.11,1.9,0,,6/30/2024,Aggregated Mutual Funds,Low,24.5,Active,"2,120.49",Tianjin,,China,GARP,Large Cap,Traditional Investment Managers,5.0,,No
Pluspetrol Resources Corporation B.V.,Private,8174863,No Table Found,,,,,,,,,,,,,,,,,,,,,
Galileo Resources Plc,Public,140075966,Shareholders,Colin Bird Executive Chairman,"81,705,862",7.02,0.9,"2,250,000",2.83,10/24/2024,Exchange Announcement,,,,,Dubai,,United Kingdom,,,Individuals/Insiders,,,No
Galileo Resources Plc,Public,140075966,Shareholders,Barclays Bank PLC,"64,795,348",5.57,0.7,"4,705,804",7.83,10/1/2024,UK Share Register,Moderate,55.28,Active,"85,367.50",London,,United Kingdom,Growth,Large Cap,Traditional Investment Managers,,,No
Galileo Resources Plc,Public,140075966,Shareholders,HBOS Investment Fund Managers Ltd.,"57,673,401",4.96,0.6,"-6,702,985",-10.41,10/1/2024,UK Share Register,,,Active,,Bristol,,United Kingdom,Unclassified,,Traditional Investment Managers,,,No
Galileo Resources Plc,Public,140075966,Shareholders,IG Group Holdings PLC,"50,095,699",4.31,0.6,"-1,282,204",-2.50,10/1/2024,UK Share Register,,,,,London,,United Kingdom,Unclassified,,Banks/Investment Banks,,,No
Galileo Resources Plc,Public,140075966,Shareholders,Fergus Kynaston Forbes,"50,000,000",4.3,0.6,0,,10/1/2024,UK Share Register,,,,,,,,,,Individuals/Insiders,,,No
Galileo Resources Plc,Public,140075966,Shareholders,Sandfire Resources Ltd.,"41,100,124",3.53,0.5,0,,10/1/2024,UK Share Register,,,,,West Perth,WA,Australia,Unclassified,,Corporations (Public),,,No
Galileo Resources Plc,Public,140075966,Shareholders,C. W. Powell,"35,320,303",3.04,0.4,0,,10/1/2024,UK Share Register,,,,,,,,,,Individuals/Insiders,,,No
Galileo Resources Plc,Public,140075966,Shareholders,London Wealth Management Ltd,"31,605,870",2.72,0.3,"-2,004,027",-5.96,10/1/2024,UK Share Register,,,,,London,,United Kingdom,Unclassified,,Traditional Investment Managers,,,No
Galileo Resources Plc,Public,140075966,Shareholders,HSBC Global Asset Management (UK) Ltd.,"29,004,620",2.49,0.3,"987,350",3.52,10/1/2024,UK Share Register,Low,23.21,Passive,"290,183.32",London,,United Kingdom,Growth,Large Cap,Traditional Investment Managers,,,No
Galileo Resources Plc,Public,140075966,Shareholders,Goy Harris Cartwright,"19,588,000",1.68,0.2,"-875,000",-4.28,10/1/2024,UK Share Register,Low,20.07,Active,19.62,Leicester,,United Kingdom,Blend,Small Cap,Traditional Investment Managers,,,No
Galileo Resources Plc,Public,140075966,Shareholders,Charles Stanley & Co. Ltd.,"18,888,802",1.62,0.2,"-130,000",-0.68,10/1/2024,UK Share Register,Very Low,5.73,Active,"15,016.59",London,,United Kingdom,Value,Large Cap,Traditional Investment Managers,,,No
Galileo Resources Plc,Public,140075966,Shareholders,John Richard Wollenberg Independent Non-Executive,"14,225,511",1.22,0.2,"400,000",2.89,10/28/2024,Exchange Announcement,,,,,,,United Kingdom,,,Individuals/Insiders,,,No
Galileo Resources Plc,Public,140075966,Shareholders,Director,,,,,,,,,,,,,,,,,,,,
Galileo Resources Plc,Public,140075966,Shareholders,First Equity Limited,"10,683,333",0.92,0.1,"10,683,333",,10/1/2024,UK Share Register,,,,,London,,United Kingdom,Unclassified,,Banks/Investment Banks,,,No
Galileo Resources Plc,Public,140075966,Shareholders,Shard Capital Partners LLP,"10,414,697",0.9,0.1,"10,414,697",,10/1/2024,UK Share Register,,,Active,,London,,United Kingdom,Unclassified,,Traditional Investment Managers,,,No
Galileo Resources Plc,Public,140075966,Shareholders,Jarvis Securities PLC,"10,150,561",0.87,0.1,"-65,131,817",-86.52,10/1/2024,UK Share Register,,,,,Royal Tunbridge Wells,,United Kingdom,Unclassified,,Banks/Investment Banks,,,No
Galileo Resources Plc,Public,140075966,Shareholders,James Brearley & Sons Ltd.,"8,502,354",0.73,0.1,0,,10/1/2024,UK Share Register,,,,,Blackpool,,United Kingdom,Unclassified,,Traditional Investment Managers,,,No
Galileo Resources Plc,Public,140075966,Shareholders,Fidelity International Ltd.,"7,786,386",0.67,0.1,"-874,028",-10.09,10/1/2024,UK Share Register,Low,32.52,Active,"280,651.92",Pembroke,,Bermuda,Growth,Large Cap,Traditional Investment Managers,,,No
Galileo Resources Plc,Public,140075966,Shareholders,Quilter Cheviot Ltd.,"7,770,000",0.67,0.1,"250,000",3.32,10/1/2024,UK Share Register,Very Low,11.94,,"16,613.22",London,,United Kingdom,Growth,Large Cap,Traditional Investment Managers,,,No
Galileo Resources Plc,Public,140075966,Shareholders,UBS Asset Management AG,"6,680,255",0.57,0.1,0,,10/1/2024,UK Share Register,Very Low,15.6,Active,"1,327,909.35",Zurich,,Switzerland,Growth,Large Cap,Traditional Investment Managers,,,No
Galileo Resources Plc,Public,140075966,Shareholders,Tiger Royalties and investments PLC,"6,516,667",0.56,0.1,0,,10/1/2024,UK Share Register,,,,0.30,London,,United Kingdom,Blend,Small Cap,VC/PE Firms (<5% stake),,,No
Galileo Resources Plc,Public,140075966,Shareholders,Lloyds Banking Group PLC,"5,430,097",0.47,0.1,0,,10/1/2024,UK Share Register,,,Active,,London,,United Kingdom,Unclassified,,Corporations (Public),,,No
Galileo Resources Plc,Public,140075966,Shareholders,ABN AMRO Bank NV,"4,995,000",0.43,0.1,0,,10/1/2024,UK Share Register,,,,,Amsterdam,,Netherlands,Unclassified,,Banks/Investment Banks,,,No
Galileo Resources Plc,Public,140075966,Shareholders,Cantor Fitzgerald Asset Management,"4,850,000",0.42,0.1,"-1,850,000",-27.61,10/1/2024,UK Share Register,Low,43.98,Active,"5,672.36",New York,NY,USA,Growth,Large Cap,Traditional Investment Managers,,,No
Galileo Resources Plc,Public,140075966,Shareholders,Canaccord Genuity Wealth (International) Ltd.,"2,755,674",0.24,0.0,0,,10/1/2024,UK Share Register,Very Low,12.93,Active,"7,988.59",Saint Helier,,Jersey,Value,Large Cap,Traditional Investment Managers,,,No
Galileo Resources Plc,Public,140075966,Shareholders,Cooperlemon Consultancy Ltd.,"2,500,000",0.21,0.0,0,,10/1/2024,UK Share Register,,,,,Woodlands Lusaka,,Zambia,Unclassified,,Corporations (Private),,,No
Leaveland Pty Ltd.,Private,34902797,No Table Found,,,,,,,,,,,,,,,,,,,,,
Agnico Eagle Mines Limited,Public,248095,Shareholders,BlackRock Inc.,"36,534,546",7.28,"2,857.4",0,,12/31/2023,13G,Very Low,6.47,Passive,"6,009,738.80",New York,NY,USA,Growth,Large Cap,Traditional Investment Managers,85.0,,No
Agnico Eagle Mines Limited,Public,248095,Shareholders,Van Eck Associates Corp.,"22,322,859",4.45,"1,745.9","778,919",3.62,12/31/2024,13F,Low,27.35,Passive,"93,617.15",New York,NY,USA,Growth,Large Cap,Traditional Investment Managers,13.0,,No
Agnico Eagle Mines Limited,Public,248095,Shareholders,Vanguard Group Inc.,"19,865,285",3.96,"1,553.7","331,087",1.70,12/31/2024,13F,Very Low,2.83,Passive,"6,637,336.92",Malvern,PA,USA,Growth,Large Cap,Traditional Investment Managers,29.0,,No
Agnico Eagle Mines Limited,Public,248095,Shareholders,Fidelity International Ltd.,"18,174,602",3.62,"1,421.4","-984,240",-5.14,12/31/2024,13F,Low,32.52,Active,"222,335.26",Pembroke,,Bermuda,Growth,Large Cap,Traditional Investment Managers,20.0,,No
Agnico Eagle Mines Limited,Public,248095,Shareholders,Capital Research and Management Co.,"13,952,061",2.78,"1,091.2","4,121,164",41.92,12/31/2024,13F,Low,21.3,Active,"2,081,805.83",Los Angeles,CA,USA,Growth,Large Cap,Traditional Investment Managers,3.0,,No
Agnico Eagle Mines Limited,Public,248095,Shareholders,FMR LLC,"13,439,454",2.68,"1,051.1","-1,616,977",-10.74,12/31/2024,13F,Low,21.72,Active,"1,631,954.60",Boston,MA,USA,Growth,Large Cap,Traditional Investment Managers,49.0,,No
Agnico Eagle Mines Limited,Public,248095,Shareholders,Massachusetts Financial Services Company,"12,941,836",2.58,"1,012.2","-15,131",-0.12,12/31/2024,13F,Very Low,16.51,Active,"438,183.18",Boston,MA,USA,Growth,Large Cap,Traditional Investment Managers,15.0,,No
Agnico Eagle Mines Limited,Public,248095,Shareholders,Deutsche Asset & Wealth Management,"11,587,897",2.31,906.3,"-17,137",-0.15,12/31/2024,13F,Very Low,17.59,Active,"337,149.87",New York,NY,USA,Growth,Large Cap,Traditional Investment Managers,18.0,,No
Agnico Eagle Mines Limited,Public,248095,Shareholders,RBC Global Asset Management Inc.,"11,213,517",2.23,877.0,"1,427,675",14.59,12/31/2024,13F,Low,25.29,Active,"147,161.92",Toronto,ON,Canada,Growth,Large Cap,Traditional Investment Managers,34.0,,No
Agnico Eagle Mines Limited,Public,248095,Shareholders,BMO Asset Management Corp.,"9,928,493",1.98,776.5,"-253,715",-2.49,12/31/2024,13F,Low,23.45,Active,"194,586.57",Chicago,IL,USA,Growth,Large Cap,Traditional Investment Managers,24.0,,No
Agnico Eagle Mines Limited,Public,248095,Shareholders,Mackenzie Financial Corp.,"8,658,605",1.73,677.2,"-32,971",-0.38,12/31/2024,13F,Low,23.7,Active,"89,956.66",Toronto,ON,Canada,Growth,Large Cap,Hedge Fund Managers (<5% stake),38.0,,No
Agnico Eagle Mines Limited,Public,248095,Shareholders,Norges Bank Investment Management,"7,338,627",1.46,574.0,"668,734",10.03,12/31/2024,13F,,,Active,"1,213,735.64",Oslo,,Norway,Growth,Large Cap,Sovereign Wealth Funds (<5% stake),1.0,,No
Agnico Eagle Mines Limited,Public,248095,Shareholders,Arrowstreet Capital Ltd. Partnership,"7,051,473",1.41,551.5,"3,155,927",81.01,12/31/2024,13F,Moderate,68.93,Active,"129,335.84",Boston,MA,USA,Growth,Large Cap,Traditional Investment Managers,1.0,,No
Agnico Eagle Mines Limited,Public,248095,Shareholders,First Eagle Investment Management LLC,"6,676,455",1.33,522.2,"-270,856",-3.90,12/31/2024,13F,Very Low,9.39,Active,"68,109.44",New York,NY,USA,Growth,Large Cap,Traditional Investment Managers,11.0,,No
Agnico Eagle Mines Limited,Public,248095,Shareholders,CIBC Asset Management Inc.,"6,383,024",1.27,499.2,"332,576",5.50,12/31/2024,13F,Low,20.16,Active,"45,623.81",Toronto,ON,Canada,Growth,Large Cap,Traditional Investment Managers,28.0,,No
Agnico Eagle Mines Limited,Public,248095,Shareholders,TD Asset Management Inc.,"6,324,291",1.26,494.6,"174,366",2.84,12/31/2024,13F,Very Low,18.1,Active,"119,576.20",Toronto,ON,Canada,Growth,Large Cap,Traditional Investment Managers,11.0,,No
Agnico Eagle Mines Limited,Public,248095,Shareholders,Connor Clark & Lunn Investment Management Ltd.,"6,046,901",1.21,472.9,"154,003",2.61,12/31/2024,13F,Moderate,66.07,Active,"22,988.50",Vancouver,BC,Canada,Growth,Large Cap,Traditional Investment Managers,7.0,,No
Agnico Eagle Mines Limited,Public,248095,Shareholders,Managed Account Advisors LLC,"5,979,610",1.19,467.7,"5,979,610",,12/31/2024,13F,Very Low,19.98,Active,"294,806.97",Jersey City,NJ,USA,Growth,Large Cap,Traditional Investment Managers,,,No
Agnico Eagle Mines Limited,Public,248095,Shareholders,National Bank Investments Inc.,"4,013,803",0.8,313.9,"-141,546",-3.41,12/31/2024,13F,Moderate,58.41,Active,"75,500.60",Montreal,QC,Canada,Growth,Large Cap,Traditional Investment Managers,1.0,,No
Agnico Eagle Mines Limited,Public,248095,Shareholders,Manulife Asset Management,"3,981,993",0.79,311.4,"-69,147",-1.71,12/31/2024,13F,Low,25.26,Active,"123,725.92",Toronto,ON,Canada,Growth,Large Cap,Traditional Investment Managers,10.0,,No
Agnico Eagle Mines Limited,Public,248095,Shareholders,Amundi Asset Management SAS,"3,615,474",0.72,282.8,"-74,228",-2.01,12/31/2024,Aggregated 13F,Low,27.88,Passive,"488,332.18",Paris,,France,Growth,Large Cap,Traditional Investment Managers,66.0,,No
Agnico Eagle Mines Limited,Public,248095,Shareholders,Canadian Imperial Bank of Commerce,"3,466,408",0.69,271.1,"-363,191",-9.48,12/31/2024,13F,Low,30.08,Active,"45,102.10",Toronto,ON,Canada,GARP,Large Cap,Traditional Investment Managers,,,No
Agnico Eagle Mines Limited,Public,248095,Shareholders,Invesco Ltd.,"3,050,344",0.61,238.6,"-39,363",-1.27,12/31/2024,13F,Low,28.45,Active,"352,269.23",Atlanta,GA,USA,Growth,Large Cap,Traditional Investment Managers,23.0,,No
Agnico Eagle Mines Limited,Public,248095,Shareholders,JP Morgan Asset Management,"3,022,042",0.6,236.4,"96,798",3.31,12/31/2024,13F,Low,22.52,Active,"878,226.58",New York,NY,USA,Growth,Large Cap,Traditional Investment Managers,25.0,,No
Agnico Eagle Mines Limited,Public,248095,Shareholders,Geode Capital Management LLC,"3,006,646",0.6,235.1,"749,932",33.23,12/31/2024,13F,Very Low,2.55,Passive,"1,431,347.67",Boston,MA,USA,Growth,Large Cap,Traditional Investment Managers,16.0,,No
"Sinomine Resource Group Co., Ltd. - 中矿资源集团股份有限公司",Public,76947634,Shareholders,China Nonferrous Metal Mining (Group) Co. Ltd.,"101,920,000",14.13,496.8,0,,9/30/2024,CNINFO Periodic Filing,,,,,Beijing,,China,Unclassified,,Corporations (Private),,,No
"Sinomine Resource Group Co., Ltd. - 中矿资源集团股份有限公司",Public,76947634,Shareholders,Meichun Sun,"19,543,846",2.71,95.3,0,,9/30/2024,CNINFO Periodic Filing,,,,,,,China,,,Individuals/Insiders,,,No
"Sinomine Resource Group Co., Ltd. - 中矿资源集团股份有限公司",Public,76947634,Shareholders,China Southern Asset Management Co. Ltd.,"13,377,483",1.85,65.2,0,,9/30/2024,CNINFO Periodic Filing,Low,24.55,Active,"6,337.57",,,China,GARP,Mid Cap,Traditional Investment Managers,21.0,,No
"Sinomine Resource Group Co., Ltd. - 中矿资源集团股份有限公司",Public,76947634,Shareholders,Orient Fund Management Co. Ltd.,"12,271,672",1.7,59.8,0,,9/30/2024,CNINFO Periodic Filing,Low,39.18,Active,420.18,Beijing,,China,Aggressive Growth,Mid Cap,Traditional Investment Managers,1.0,,No
"Sinomine Resource Group Co., Ltd. - 中矿资源集团股份有限公司",Public,76947634,Shareholders,GF Securities Asset Management Co.Ltd.,"11,131,309",1.54,54.3,0,,9/30/2024,CNINFO Periodic Filing,,,,,Zhuhai,,China,Unclassified,,Traditional Investment Managers,,,No
"Sinomine Resource Group Co., Ltd. - 中矿资源集团股份有限公司",Public,76947634,Shareholders,Franklin Templeton Sealand Fund Management Co. Ltd.,"9,665,296",1.34,47.1,"432,080",4.68,12/31/2024,Aggregated Mutual Funds,Moderate,52.41,Active,488.56,Shanghai,,China,GARP,Large Cap,Traditional Investment Managers,12.0,,No
"Sinomine Resource Group Co., Ltd. - 中矿资源集团股份有限公司",Public,76947634,Shareholders,UBS SDIC Fund Management Co. Ltd.,"9,623,019",1.33,46.9,0,,9/30/2024,CNINFO Periodic Filing,Low,42.97,Active,590.09,,,China,GARP,Multi Cap,Traditional Investment Managers,9.0,,No
"Sinomine Resource Group Co., Ltd. - 中矿资源集团股份有限公司",Public,76947634,Shareholders,"Pingwei Wang President, CEO & Chairman","8,951,320",1.24,43.6,0,,9/30/2024,CNINFO Periodic Filing,,,,,,,China,,,Individuals/Insiders,,,No
"Sinomine Resource Group Co., Ltd. - 中矿资源集团股份有限公司",Public,76947634,Shareholders,Shanghai Guotai Junan Securities Asset Management Co. Ltd.,"8,590,332",1.19,41.9,0,,9/30/2024,CNINFO Periodic Filing,Low,47.54,Active,661.53,,,China,Growth,Multi Cap,Traditional Investment Managers,,,No
"Sinomine Resource Group Co., Ltd. - 中矿资源集团股份有限公司",Public,76947634,Shareholders,China Merchants Securities Asset Management Co. Ltd.,"7,988,525",1.11,38.9,0,,6/30/2024,CNINFO Periodic Filing,,,,,Shenzhen,,China,Unclassified,,Traditional Investment Managers,,,No
"Sinomine Resource Group Co., Ltd. - 中矿资源集团股份有限公司",Public,76947634,Shareholders,Haihua Zhong,"7,006,063",0.97,34.2,0,,9/30/2023,CNINFO Periodic Filing,,,,,,,,,,Individuals/Insiders,,,No
"Sinomine Resource Group Co., Ltd. - 中矿资源集团股份有限公司",Public,76947634,Shareholders,First State Cinda Fund Management Co. Ltd.,"6,972,296",0.97,34.0,0,,6/30/2023,CNINFO Periodic Filing,Moderate,66.37,Active,869.57,,,China,Growth,Mid Cap,Traditional Investment Managers,4.0,,No
"Sinomine Resource Group Co., Ltd. - 中矿资源集团股份有限公司",Public,76947634,Shareholders,China Universal Asset Management Co. Ltd.,"6,819,359",0.95,33.2,0,,6/30/2024,Aggregated Mutual Funds,Low,30.78,Active,"4,098.75",Shanghai,,China,GARP,Large Cap,Traditional Investment Managers,13.0,,No
"Sinomine Resource Group Co., Ltd. - 中矿资源集团股份有限公司",Public,76947634,Shareholders,China Asset Management Co. Ltd.,"6,761,018",0.94,33.0,0,,6/30/2024,Aggregated Mutual Funds,Low,20.04,Passive,"12,673.18",Beijing,,China,GARP,Large Cap,Traditional Investment Managers,17.0,,No
"Sinomine Resource Group Co., Ltd. - 中矿资源集团股份有限公司",Public,76947634,Shareholders,Dacheng Fund Management Co. Ltd.,"6,374,089",0.88,31.1,0,,6/30/2024,Aggregated Mutual Funds,Low,33.27,Active,"2,133.20",Shenzhen,,China,GARP,Large Cap,Traditional Investment Managers,13.0,,No
"Sinomine Resource Group Co., Ltd. - 中矿资源集团股份有限公司",Public,76947634,Shareholders,"Truvalue Asset Management Co.,Ltd.","6,275,468",0.87,30.6,0,,9/30/2023,CNINFO Periodic Filing,Moderate,64.32,Active,388.76,Shenzhen,,China,GARP,Large Cap,Traditional Investment Managers,6.0,,No
"Sinomine Resource Group Co., Ltd. - 中矿资源集团股份有限公司",Public,76947634,Shareholders,Fullgoal Fund Management Co. Ltd.,"5,284,086",0.73,25.8,0,,6/30/2024,Aggregated Mutual Funds,Low,39.17,Active,"5,077.25",Shanghai,,China,GARP,Large Cap,Traditional Investment Managers,10.0,,No
"Sinomine Resource Group Co., Ltd. - 中矿资源集团股份有限公司",Public,76947634,Shareholders,Mirae Asset Global Investments Co. Ltd.,"5,103,681",0.71,24.9,"4,450,546",681.41,12/31/2023,Aggregated Mutual Funds,Low,27.08,Passive,"12,791.38",Seoul,,South Korea,Growth,Large Cap,Traditional Investment Managers,7.0,,No
"Sinomine Resource Group Co., Ltd. - 中矿资源集团股份有限公司",Public,76947634,Shareholders,Citic Securities Co. Ltd.,"4,918,467",0.68,24.0,0,,9/30/2023,CNINFO Periodic Filing,,,,,Beijing,,China,Unclassified,,Banks/Investment Banks,,,No
"Sinomine Resource Group Co., Ltd. - 中矿资源集团股份有限公司",Public,76947634,Shareholders,Hwabao WP Fund Management Co. Ltd.,"3,535,188",0.49,17.2,0,,6/30/2024,Aggregated Mutual Funds,Low,25.22,Active,"1,922.79",Shanghai,,China,GARP,Large Cap,Traditional Investment Managers,9.0,,No
"Sinomine Resource Group Co., Ltd. - 中矿资源集团股份有限公司",Public,76947634,Shareholders,Harvest Fund Management Co. Ltd.,"3,166,645",0.44,15.4,0,,6/30/2024,Aggregated Mutual Funds,Low,21.91,Passive,"6,327.32",Beijing,,China,GARP,Large Cap,Traditional Investment Managers,9.0,,No
"Sinomine Resource Group Co., Ltd. - 中矿资源集团股份有限公司",Public,76947634,Shareholders,Ping An UOB Fund Management Co. Ltd.,"2,339,978",0.32,11.4,0,,6/30/2024,Aggregated Mutual Funds,Moderate,56.05,Active,677.85,,,China,GARP,Large Cap,Traditional Investment Managers,5.0,,No
"Sinomine Resource Group Co., Ltd. - 中矿资源集团股份有限公司",Public,76947634,Shareholders,ICBC Credit Suisse Asset Management Co. Ltd.,"2,290,088",0.32,11.2,0,,6/30/2024,Aggregated Mutual Funds,Low,31.17,Active,"2,589.46",Beijing,,China,GARP,Large Cap,Traditional Investment Managers,5.0,,No
"Sinomine Resource Group Co., Ltd. - 中矿资源集团股份有限公司",Public,76947634,Shareholders,ChangAn Fund Management Co.Ltd,"2,278,920",0.32,11.1,0,,6/30/2024,Aggregated Mutual Funds,Moderate,78.63,Active,72.02,Pudong,,China,Aggressive Growth,Large Cap,Traditional Investment Managers,3.0,,No
"Sinomine Resource Group Co., Ltd. - 中矿资源集团股份有限公司",Public,76947634,Shareholders,JP Morgan Asset Management,"2,169,280",0.3,10.6,-2,0.00,12/31/2024,Aggregated Mutual Funds,Low,22.52,Active,"120,589.14",New York,NY,USA,Growth,Large Cap,Traditional Investment Managers,8.0,,No
"CEZ, a. s.",Public,8350267,Shareholders,Czech Republic,"375,409,254",69.93,"14,900.9",0,,12/31/2023,Annual Report,,,,,,,Czechia,Unclassified,,State Owned Shares,,,No
"CEZ, a. s.",Public,8350267,Shareholders,Belviport Trading Ltd.,"11,297,785",2.1,448.4,0,,12/31/2023,Annual Report,,,,,Famagusta,,Cyprus,Unclassified,,Corporations (Private),,,No
"CEZ, a. s.",Public,8350267,Shareholders,PPF banka a.s.,"11,243,986",2.09,446.3,0,,12/31/2023,Annual Report,,,,,Prague,,Czechia,Unclassified,,Traditional Investment Managers,,,No
"CEZ, a. s.",Public,8350267,Shareholders,Vanguard Group Inc.,"6,496,088",1.21,257.8,"65,703",1.02,12/31/2024,Aggregated Mutual Funds,Very Low,2.83,Passive,"275,289.37",Malvern,PA,USA,Growth,Large Cap,Traditional Investment Managers,12.0,,No
"CEZ, a. s.",Public,8350267,Shareholders,BlackRock Inc.,"5,860,309",1.09,232.6,"592,482",11.25,12/31/2024,Multiple,Very Low,6.47,Passive,"249,259.19",New York,NY,USA,Growth,Large Cap,Traditional Investment Managers,28.0,,No
"CEZ, a. s.",Public,8350267,Shareholders,Nationale- Nederlanden Powszechne Towarzystwo Emerytalne S.A.,"1,855,235",0.35,73.6,"1,855,235",,12/31/2024,Aggregated Mutual Funds,Very Low,8.37,Active,635.11,Warsaw,,Poland,GARP,Large Cap,Traditional Investment Managers,1.0,,No
"CEZ, a. s.",Public,8350267,Shareholders,Van Eck Associates Corp.,"1,015,071",0.19,40.3,"760,024",297.99,12/31/2024,Aggregated Mutual Funds,Low,27.35,Passive,"3,882.85",New York,NY,USA,Growth,Large Cap,Traditional Investment Managers,1.0,,No
"CEZ, a. s.",Public,8350267,Shareholders,Geode Capital Management LLC,"933,962",0.17,37.1,"1,976",0.21,12/31/2024,Multiple,Very Low,2.55,Passive,"59,366.40",Boston,MA,USA,Growth,Large Cap,Traditional Investment Managers,11.0,,No
"CEZ, a. s.",Public,8350267,Shareholders,Dimensional Fund Advisors LP,"838,523",0.16,33.3,"5,957",0.72,12/31/2024,Multiple,Very Low,9.68,Active,"24,737.26",Austin,TX,USA,GARP,Large Cap,Traditional Investment Managers,17.0,,No
"CEZ, a. s.",Public,8350267,Shareholders,BNY Asset Management,"782,555",0.15,31.1,496,0.06,12/31/2024,Multiple,Very Low,9.97,Active,"20,977.57",Boston,MA,USA,Growth,Large Cap,Traditional Investment Managers,6.0,,No
"CEZ, a. s.",Public,8350267,Shareholders,Powszechne Towarzystwo Emerytalne,"669,606",0.12,26.6,"669,606",,12/31/2024,Aggregated Mutual Funds,Very Low,8.01,Active,286.20,Warsow,,Poland,GARP,Large Cap,Traditional Investment Managers,1.0,,No
"CEZ, a. s.",Public,8350267,Shareholders,UNIQA Österreich Versicherungen AG,"600,220",0.11,23.8,"600,220",,12/31/2024,Aggregated Mutual Funds,Very Low,4.38,,132.13,Vienna,,Austria,GARP,Multi Cap,Hedge Fund Managers (<5% stake),1.0,,No
"CEZ, a. s.",Public,8350267,Shareholders,Generali Powszechne Towarzystwo Emerytalne S A,"569,157",0.11,22.6,"569,157",,12/31/2024,Aggregated Mutual Funds,Very Low,8.32,Active,286.87,Warsaw,,Poland,GARP,Multi Cap,Traditional Investment Managers,1.0,,No
"CEZ, a. s.",Public,8350267,Shareholders,Aegon Asset Management UK Plc,"564,594",0.11,22.4,"447,507",382.20,12/31/2024,Aggregated Mutual Funds,Low,23.99,Active,776.95,Edinburgh,,United Kingdom,Growth,Large Cap,Traditional Investment Managers,2.0,,No
"CEZ, a. s.",Public,8350267,Shareholders,Goldman Sachs Asset Management LP,"555,035",0.1,22.0,"-57,780",-9.43,12/31/2024,Multiple,Low,23.69,Active,"14,219.71",New York,NY,USA,Growth,Large Cap,Traditional Investment Managers,9.0,,No
"CEZ, a. s.",Public,8350267,Shareholders,Charles Schwab Investment Management Inc.,"456,525",0.09,18.1,"20,603",4.73,12/31/2024,Aggregated Mutual Funds,Very Low,11.66,Passive,"22,900.84",San Francisco,CA,USA,Growth,Large Cap,Traditional Investment Managers,3.0,,No
"CEZ, a. s.",Public,8350267,Shareholders,State Street Global Advisors Inc.,"446,804",0.08,17.7,"15,396",3.57,12/31/2024,Multiple,Very Low,4.82,Passive,"114,648.15",Boston,MA,USA,Growth,Large Cap,Traditional Investment Managers,15.0,,No
"CEZ, a. s.",Public,8350267,Shareholders,UBS Asset Management AG,"348,249",0.06,13.8,"21,282",6.51,12/31/2024,Aggregated Mutual Funds,Very Low,15.6,Active,"43,631.92",Zurich,,Switzerland,Growth,Large Cap,Traditional Investment Managers,8.0,,No
"CEZ, a. s.",Public,8350267,Shareholders,Caisse de dépôt et placement du Québec,"344,346",0.06,13.7,0,,12/31/2023,Aggregated Mutual Funds,Low,28.47,Active,"3,746.88",Quebec,QC,Canada,Growth,Large Cap,Government Pension Sponsors,1.0,,No
"CEZ, a. s.",Public,8350267,Shareholders,OTP Alapkezelő Zrt.,"330,255",0.06,13.1,0,,6/30/2024,Aggregated Mutual Funds,Low,20.42,Active,50.65,Budapest,,Hungary,GARP,Mid Cap,Traditional Investment Managers,3.0,,No
"CEZ, a. s.",Public,8350267,Shareholders,Amundi Asset Management SAS,"324,731",0.06,12.9,"3,155",0.98,12/30/2024,Aggregated Mutual Funds,Low,27.88,Passive,"20,254.01",Paris,,France,Growth,Large Cap,Traditional Investment Managers,7.0,,No
"CEZ, a. s.",Public,8350267,Shareholders,Northern Trust Global Investments,"250,814",0.05,10.0,-987,-0.39,12/31/2024,Aggregated Mutual Funds,Very Low,5.67,Active,"28,483.69",,,United Kingdom,Growth,Large Cap,Traditional Investment Managers,6.0,,No
"CEZ, a. s.",Public,8350267,Shareholders,Deutsche Asset & Wealth Management,"245,315",0.05,9.7,-500,-0.20,11/29/2024,Aggregated Mutual Funds,Very Low,17.59,Active,"13,983.59",New York,NY,USA,Growth,Large Cap,Traditional Investment Managers,7.0,,No
"CEZ, a. s.",Public,8350267,Shareholders,Sjunde AP-fonden,"244,411",0.05,9.7,0,,6/28/2024,Aggregated Mutual Funds,Very Low,2.44,Passive,"4,134.70",Stockholm,,Sweden,Growth,Large Cap,Government Pension Sponsors,1.0,,No
"CEZ, a. s.",Public,8350267,Shareholders,Concorde Befektetesi Alapkezeloe Rt,"191,504",0.04,7.6,0,,6/30/2024,Aggregated Mutual Funds,Low,24.31,Active,24.63,Budapest,,Hungary,GARP,Mid Cap,Traditional Investment Managers,3.0,,No
Lithium Argentina AG,Public,43184628,Shareholders,General Motors Co.,"15,002,245",9.26,39.3,0,,12/31/2024,13F,,,,70.18,Detroit,MI,USA,Blend,Small Cap,Corporations (Public),,,No
Lithium Argentina AG,Public,43184628,Shareholders,Mirae Asset Global Investments Co. Ltd.,"4,207,350",2.6,11.0,"1,650,835",64.57,12/31/2024,13F,Low,27.08,Passive,"64,561.49",Seoul,,South Korea,Growth,Large Cap,Traditional Investment Managers,5.0,,No
Lithium Argentina AG,Public,43184628,Shareholders,George Ring Ireland Lead Independent Director,"3,256,186",2.01,8.5,0,,12/4/2024,Exchange Announcement,,,,,,,,,,Individuals/Insiders,,,No
Lithium Argentina AG,Public,43184628,Shareholders,William Blair Investment Management LLC,"3,230,750",2.0,8.5,"58,481",1.84,12/31/2024,13F,Low,28.56,Active,"54,618.22",Chicago,IL,USA,Growth,Large Cap,Traditional Investment Managers,1.0,,No
Lithium Argentina AG,Public,43184628,Shareholders,Centerbook Partners LP,"3,096,302",1.91,8.1,"516,311",20.01,12/31/2024,13F,High,140.12,Active,"1,141.33",Greenwich,CT,USA,Growth,Large Cap,Hedge Fund Managers (<5% stake),,,No
Lithium Argentina AG,Public,43184628,Shareholders,Van Eck Associates Corp.,"2,934,634",1.81,7.7,"-106,731",-3.51,12/31/2024,13F,Low,27.35,Passive,"64,880.35",New York,NY,USA,Growth,Large Cap,Traditional Investment Managers,3.0,,No
Lithium Argentina AG,Public,43184628,Shareholders,Hancock Prospecting Pty Ltd.,"2,508,600",1.55,6.6,"2,508,600",,12/31/2024,13F,,,,996.94,West Perth,WA,Australia,Blend,Mid Cap,Corporations (Private),,,No
Lithium Argentina AG,Public,43184628,Shareholders,John Anthony Kanellitsas Executive Chairman,"2,254,705",1.39,5.9,0,,12/4/2024,Exchange Announcement,,,,,,,Canada,,,Individuals/Insiders,,,No
Lithium Argentina AG,Public,43184628,Shareholders,Franco Mignacco Non-Independent Director,"2,140,599",1.32,5.6,0,,12/4/2024,Exchange Announcement,,,,,,,,,,Individuals/Insiders,,,No
Lithium Argentina AG,Public,43184628,Shareholders,RWC Partners Ltd.,"2,070,602",1.28,5.4,0,,12/31/2024,13F,Low,32.21,Active,"5,517.03",London,,United Kingdom,GARP,Large Cap,Traditional Investment Managers,,,No
Lithium Argentina AG,Public,43184628,Shareholders,Konwave AG (Gold 2000),"1,799,841",1.11,4.7,0,,9/30/2024,Aggregated Mutual Funds,Low,37.23,Active,801.26,Herisau,,Switzerland,Growth,Small Cap,Traditional Investment Managers,1.0,,No
Lithium Argentina AG,Public,43184628,Shareholders,Invesco Capital Management LLC,"1,660,792",1.03,4.4,"-185,753",-10.06,12/31/2024,13F,Low,21.82,Passive,"190,706.53",Downers Grove,IL,USA,Growth,Large Cap,Traditional Investment Managers,2.0,,No
Lithium Argentina AG,Public,43184628,Shareholders,RWC Asset Management LLP,"1,606,747",0.99,4.2,0,,6/30/2024,Aggregated Mutual Funds,Low,34.38,Active,"1,720.35",London,,United Kingdom,GARP,Large Cap,Traditional Investment Managers,1.0,,No
Lithium Argentina AG,Public,43184628,Shareholders,M&G Investment Management Ltd.,"1,522,856",0.94,4.0,"-7,320",-0.48,12/31/2024,13F,Low,26.03,Active,"30,431.37",London,,United Kingdom,GARP,Large Cap,Traditional Investment Managers,2.0,,No
Lithium Argentina AG,Public,43184628,Shareholders,UBS Asset Management AG,"906,017",0.56,2.4,"732,244",421.38,12/31/2024,Aggregated 13F,Very Low,15.6,Active,"729,065.42",Zurich,,Switzerland,Growth,Large Cap,Traditional Investment Managers,5.0,,No
Lithium Argentina AG,Public,43184628,Shareholders,Tetrem Capital Management Ltd.,"641,746",0.4,1.7,0,,3/31/2024,Aggregated Mutual Funds,Low,24.79,Active,"1,318.14",Winnipeg,MB,Canada,Growth,Large Cap,Traditional Investment Managers,2.0,,No
Lithium Argentina AG,Public,43184628,Shareholders,Commodity Capital AG,"500,000",0.31,1.3,0,,7/31/2024,Aggregated Mutual Funds,Low,45.38,Active,66.98,Zürich,,Switzerland,Aggressive Growth,Small Cap,Traditional Investment Managers,1.0,,No
Lithium Argentina AG,Public,43184628,Shareholders,Grupo Minero Los Boros S.A.,"486,185",0.3,1.3,0,,12/4/2024,Exchange Announcement,,,,,,,Argentina,Unclassified,,Corporations (Private),,,No
Lithium Argentina AG,Public,43184628,Shareholders,Intact Investment Mgmt Inc.,"480,900",0.3,1.3,"-29,300",-5.74,12/31/2024,13F,Moderate,61.58,Active,"2,174.24",Toronto,ON,Canada,GARP,Large Cap,Traditional Investment Managers,,,No
Lithium Argentina AG,Public,43184628,Shareholders,Point72 Asset Management LP,"432,860",0.27,1.1,"168,790",63.92,12/31/2024,Aggregated 13F,High,156.18,Active,"31,314.29",Stamford,CT,USA,Growth,Large Cap,Hedge Fund Managers (<5% stake),,,No
Lithium Argentina AG,Public,43184628,Shareholders,Formidable Asset Management LLC,"409,117",0.25,1.1,"-30,413",-6.92,12/31/2024,13F,Low,21.95,Active,342.59,Cincinnati,OH,USA,Growth,Large Cap,Traditional Investment Managers,1.0,,No
Lithium Argentina AG,Public,43184628,Shareholders,Susquehanna International Group LLP,"361,545",0.22,0.9,"107,706",42.43,12/31/2024,13F,Moderate,90.67,Active,"31,145.30",Bala Cynwyd,PA,USA,Growth,Large Cap,Traditional Investment Managers,,,No
Lithium Argentina AG,Public,43184628,Shareholders,Russell Investment Management LLC,"359,662",0.22,0.9,"2,891",0.81,12/31/2024,13F,Low,25.87,Active,"57,387.12",Seattle,WA,USA,Growth,Large Cap,Traditional Investment Managers,3.0,,No
Lithium Argentina AG,Public,43184628,Shareholders,Marathon Asset Management Ltd.,"354,666",0.22,0.9,0,,9/30/2024,Aggregated Mutual Funds,Low,21.81,Active,"9,290.37",London,,United Kingdom,Growth,Large Cap,Traditional Investment Managers,1.0,,No
Lithium Argentina AG,Public,43184628,Shareholders,Bank of America Corp.,"352,490",0.22,0.9,"-9,241",-2.56,12/31/2024,13F,Very Low,17.23,Active,"114,054.88",Charlotte,NC,USA,Growth,Large Cap,Banks/Investment Banks,,,No
Pilbara Minerals Limited,Public,222394811,Shareholders,Australian Super Pty Ltd,"315,756,255",10.48,429.3,0,,9/30/2024,Exchange Announcement,Low,25.82,Active,"35,120.18",,,Australia,Growth,Large Cap,Government Pension Sponsors,,,No
Pilbara Minerals Limited,Public,222394811,Shareholders,State Street Global Advisors Inc.,"255,966,606",8.5,348.0,"-77,883,812",-23.33,12/16/2024,Exchange Announcement,Very Low,4.82,Passive,"1,716,156.23",Boston,MA,USA,Growth,Large Cap,Traditional Investment Managers,45.0,,No
Pilbara Minerals Limited,Public,222394811,Shareholders,Ganfeng Lithium Group Co. Ltd.,"172,684,971",5.73,234.8,0,,8/14/2024,Annual Report,,,,,Xinyu,,China,Unclassified,,Corporations (Public),,,No
Pilbara Minerals Limited,Public,222394811,Shareholders,UBS Asset Management AG,"168,848,014",5.61,229.6,"109,708,795",185.51,11/27/2024,Multiple,Very Low,15.6,Active,"653,121.67",Zurich,,Switzerland,Growth,Large Cap,Traditional Investment Managers,54.0,,No
Pilbara Minerals Limited,Public,222394811,Shareholders,Citigroup Inc.,"166,862,990",5.54,226.9,"7,359,712",4.61,12/19/2024,Exchange Announcement,Low,43.97,Active,"63,042.04",New York,NY,USA,Growth,Large Cap,Banks/Investment Banks,,,No
Pilbara Minerals Limited,Public,222394811,Shareholders,Vanguard Group Inc.,"150,507,909",5.0,204.6,0,,8/14/2024,Annual Report,Very Low,2.83,Passive,"4,120,777.87",Malvern,PA,USA,Growth,Large Cap,Traditional Investment Managers,29.0,,No
Pilbara Minerals Limited,Public,222394811,Shareholders,JPMorgan Chase & Co.,"135,447,304",4.5,184.2,"-61,595,071",-31.26,12/2/2024,Exchange Announcement,Low,34.53,Active,"209,187.30",New York,NY,USA,Growth,Large Cap,Banks/Investment Banks,,,No
Pilbara Minerals Limited,Public,222394811,Shareholders,Goldman Sachs Group Inc.,"129,286,380",4.29,175.8,"-21,625,852",-14.33,11/15/2024,Exchange Announcement,Moderate,70.14,Active,"85,661.82",New York,NY,USA,Growth,Large Cap,Traditional Investment Managers,,,No
Pilbara Minerals Limited,Public,222394811,Shareholders,BlackRock Inc.,"114,983,148",3.82,156.3,"-75,060,072",-39.50,11/25/2024,Exchange Announcement,Very Low,6.47,Passive,"3,731,134.79",New York,NY,USA,Growth,Large Cap,Traditional Investment Managers,77.0,,No
Pilbara Minerals Limited,Public,222394811,Shareholders,Morgan Stanley,"107,092,011",3.56,145.6,"104,332,849","3,781.32",12/4/2024,Exchange Announcement,Very Low,19.16,Active,"375,635.69",New York,NY,USA,Growth,Large Cap,Banks/Investment Banks,,,No
Pilbara Minerals Limited,Public,222394811,Shareholders,Posco Holdings Inc.,"82,065,000",2.72,111.6,0,,8/14/2024,Annual Report,,,,,Seoul,,South Korea,Unclassified,,Corporations (Public),,,No
Pilbara Minerals Limited,Public,222394811,Shareholders,Van Eck Associates Corp.,"37,028,550",1.23,50.3,"4,127,844",12.55,12/31/2024,Aggregated Mutual Funds,Low,27.35,Passive,"58,122.03",New York,NY,USA,Growth,Large Cap,Traditional Investment Managers,9.0,,No
Pilbara Minerals Limited,Public,222394811,Shareholders,Mirae Asset Global Investments Co. Ltd.,"27,542,292",0.91,37.4,"26,565,531","2,719.76",4/19/2024,Aggregated Mutual Funds,Low,27.08,Passive,"57,836.39",Seoul,,South Korea,Growth,Large Cap,Traditional Investment Managers,10.0,,No
Pilbara Minerals Limited,Public,222394811,Shareholders,Dimensional Fund Advisors LP,"27,279,815",0.91,37.1,"-3,336,042",-10.90,12/31/2024,Multiple,Very Low,9.68,Active,"370,289.52",Austin,TX,USA,GARP,Large Cap,Traditional Investment Managers,39.0,,No
Pilbara Minerals Limited,Public,222394811,Shareholders,Caisse de dépôt et placement du Québec,"24,042,808",0.8,32.7,0,,12/31/2023,Aggregated Mutual Funds,Low,28.47,Active,"56,086.63",Quebec,QC,Canada,Growth,Large Cap,Government Pension Sponsors,1.0,,No
Pilbara Minerals Limited,Public,222394811,Shareholders,BetaShares Capital Ltd.,"17,792,355",0.59,24.2,"76,513",0.43,12/31/2024,Aggregated Mutual Funds,Very Low,13.36,Passive,"10,761.57",Sydney,,Australia,Growth,Large Cap,Traditional Investment Managers,7.0,,No
Pilbara Minerals Limited,Public,222394811,Shareholders,Norges Bank Investment Management,"14,360,576",0.48,19.5,0,,6/30/2024,Aggregated Mutual Funds,,,Active,"753,545.44",Oslo,,Norway,Growth,Large Cap,Sovereign Wealth Funds (<5% stake),1.0,,No
Pilbara Minerals Limited,Public,222394811,Shareholders,Agency Lending Drp,"14,223,036",0.47,19.3,0,,8/14/2024,Annual Report,,,,,,,Australia,Unclassified,,Corporations (Private),,,No
Pilbara Minerals Limited,Public,222394811,Shareholders,Washington H. Soul Pattinson & Co. Ltd.,"13,945,177",0.46,19.0,0,,8/14/2024,Annual Report,,,,,Sydney,,Australia,Unclassified,,Corporations (Public),,,No
Pilbara Minerals Limited,Public,222394811,Shareholders,T. Rowe Price Group Inc.,"12,812,621",0.43,17.4,"-38,466,917",-75.01,12/31/2024,Multiple,Low,23.23,Active,"688,387.74",Baltimore,MD,USA,Growth,Large Cap,Traditional Investment Managers,23.0,,No
Pilbara Minerals Limited,Public,222394811,Shareholders,JP Morgan Asset Management,"12,057,989",0.4,16.4,"-1,560,650",-11.46,12/2/2024,Exchange Announcement,Low,22.52,Active,"545,245.28",New York,NY,USA,Growth,Large Cap,Traditional Investment Managers,10.0,,No
Pilbara Minerals Limited,Public,222394811,Shareholders,Legal & General Investment Management Ltd.,"10,070,297",0.33,13.7,0,,9/30/2024,Aggregated Mutual Funds,Very Low,5.54,Passive,"278,961.61",London,,United Kingdom,Growth,Large Cap,Traditional Investment Managers,15.0,,No
Pilbara Minerals Limited,Public,222394811,Shareholders,Colonial First State Investments Ltd.,"9,823,682",0.33,13.4,0,,8/14/2024,Annual Report,,,Active,,Sydney,,Australia,Unclassified,,Traditional Investment Managers,,,No
Pilbara Minerals Limited,Public,222394811,Shareholders,Netwealth Investments Ltd.,"9,172,494",0.3,12.5,0,,8/14/2024,Annual Report,,,,,Melbourne,,Australia,Unclassified,,Traditional Investment Managers,,,No
Pilbara Minerals Limited,Public,222394811,Shareholders,Teachers Insurance and Annuity Association- College Retirement Equities Fund,"8,967,981",0.3,12.2,"-2,432,078",-21.33,10/31/2024,Multiple,Very Low,15.55,Active,"223,233.97",New York,NY,USA,Growth,Large Cap,Traditional Investment Managers,5.0,,No
SNDL Inc.,Public,432220968,Shareholders,Cannell Capital LLC,"10,176,305",3.83,18.2,"1,945,045",23.63,12/31/2024,13F,Moderate,50.69,Active,479.69,Alta,WY,USA,Growth,Small Cap,Hedge Fund Managers (<5% stake),3.0,,Yes
SNDL Inc.,Public,432220968,Shareholders,Tidal Investments LLC,"6,358,765",2.4,11.4,"-152,196",-2.34,12/31/2024,13F,Low,45.79,Active,"10,378.53",Milwaukee,WI,USA,Growth,Large Cap,Traditional Investment Managers,1.0,,No
SNDL Inc.,Public,432220968,Shareholders,BNP Paribas Financial Markets SNC,"4,110,288",1.55,7.4,"4,110,288",,12/31/2024,13F,Low,42.8,Active,"122,423.47",Paris,,France,Growth,Large Cap,Traditional Investment Managers,,,No
SNDL Inc.,Public,432220968,Shareholders,Morgan Stanley,"2,435,275",0.92,4.4,"-388,808",-13.77,12/31/2024,13F,Very Low,19.16,Active,"605,036.40",New York,NY,USA,Growth,Large Cap,Banks/Investment Banks,,,No
SNDL Inc.,Public,432220968,Shareholders,Mirae Asset Global Investments Co. Ltd.,"2,095,205",0.79,3.8,"612,495",41.31,12/31/2024,13F,Low,27.08,Passive,"93,157.07",Seoul,,South Korea,Growth,Large Cap,Traditional Investment Managers,1.0,,No
SNDL Inc.,Public,432220968,Shareholders,Zachary Ryan George CEO & Non Independent Director,"1,711,393",0.64,3.1,"1,031,517",151.72,12/16/2024,SEDI Data,,,,,Stamford,CT,USA,,,Individuals/Insiders,,,No
SNDL Inc.,Public,432220968,Shareholders,Susquehanna International Group LLP,"1,322,806",0.5,2.4,"742,960",128.13,12/31/2024,13F,Moderate,90.67,Active,"44,940.18",Bala Cynwyd,PA,USA,Growth,Large Cap,Traditional Investment Managers,,,No
SNDL Inc.,Public,432220968,Shareholders,Arrowstreet Capital Ltd. Partnership,"1,248,922",0.47,2.2,"1,248,922",,12/31/2024,13F,Moderate,68.93,Active,"129,335.84",Boston,MA,USA,Growth,Large Cap,Traditional Investment Managers,,,No
SNDL Inc.,Public,432220968,Shareholders,AdvisorShares Investments LLC,"1,165,992",0.44,2.1,"-93,220",-7.40,12/31/2024,13F,High,115.24,Active,297.10,Bethesda,MD,USA,Growth,Large Cap,Traditional Investment Managers,1.0,,No
SNDL Inc.,Public,432220968,Shareholders,Citadel Advisors LLC,"1,093,047",0.41,2.0,"141,830",14.91,12/31/2024,13F,High,145.23,Active,"97,314.12",Miami,FL,USA,Growth,Large Cap,Hedge Fund Managers (<5% stake),,,No
SNDL Inc.,Public,432220968,Shareholders,Prelude Capital Management LLC,"1,077,490",0.41,1.9,"39,693",3.83,12/31/2024,13F,High,123.33,Active,"1,065.95",New York,NY,USA,Growth,Large Cap,Hedge Fund Managers (<5% stake),,,No
SNDL Inc.,Public,432220968,Shareholders,Invesco Capital Management LLC,"806,812",0.3,1.4,"10,134",1.27,12/31/2024,13F,Low,21.82,Passive,"275,174.26",Downers Grove,IL,USA,Growth,Large Cap,Traditional Investment Managers,1.0,,No
SNDL Inc.,Public,432220968,Shareholders,Alberto Paredero- Quiros Chief Financial Officer,"763,044",0.29,1.4,"124,937",19.58,12/16/2024,SEDI Data,,,,,,,,,,Individuals/Insiders,,,No
SNDL Inc.,Public,432220968,Shareholders,Group One Trading LLC,"698,279",0.26,1.2,"43,749",6.68,12/31/2024,13F,High,126.67,Active,"2,588.37",Chicago,IL,USA,Growth,Large Cap,Banks/Investment Banks,,,No
SNDL Inc.,Public,432220968,Shareholders,Tyler Robson President of Cannabis,"634,946",0.24,1.1,"35,810",5.98,12/16/2024,SEDI Data,,,,,,,,,,Individuals/Insiders,,,No
SNDL Inc.,Public,432220968,Shareholders,Wyoming State Treasurer,"568,184",0.21,1.0,"173,409",43.93,12/31/2024,13F,Moderate,71.73,Active,609.56,Cheyenne,WY,USA,Growth,Large Cap,Sovereign Wealth Funds (<5% stake),,,No
SNDL Inc.,Public,432220968,Shareholders,Simplex Trading LLC,"436,913",0.16,0.8,"52,092",13.54,12/31/2024,13F,Very High,214.1,Active,"3,118.39",Chicago,IL,USA,Growth,Large Cap,Traditional Investment Managers,,,No
SNDL Inc.,Public,432220968,Shareholders,Cambria Investment Management L.P.,"411,452",0.15,0.7,0,,12/31/2024,13F,Moderate,52.11,Passive,"2,053.28",Manhattan Beach,CA,USA,GARP,Large Cap,Traditional Investment Managers,1.0,,No
SNDL Inc.,Public,432220968,Shareholders,Goldman Sachs Group Inc.,"362,313",0.14,0.6,"262,350",262.45,12/31/2024,13F,Moderate,70.14,Active,"137,975.49",New York,NY,USA,Growth,Large Cap,Traditional Investment Managers,,,No
SNDL Inc.,Public,432220968,Shareholders,State Street Global Advisors Inc.,"355,991",0.13,0.6,"2,884",0.82,12/31/2024,13F,Very Low,4.82,Passive,"2,764,212.84",Boston,MA,USA,Growth,Large Cap,Traditional Investment Managers,2.0,,No
SNDL Inc.,Public,432220968,Shareholders,Dimensional Fund Advisors LP,"339,754",0.13,0.6,"-1,565",-0.46,12/31/2024,13F,Very Low,9.68,Active,"596,425.33",Austin,TX,USA,GARP,Large Cap,Traditional Investment Managers,11.0,,No
SNDL Inc.,Public,432220968,Shareholders,Jane Street Group LLC,"333,452",0.13,0.6,"-187,731",-36.02,12/31/2024,13F,High,136.45,Passive,"41,446.90",New York,NY,USA,Growth,Large Cap,Traditional Investment Managers,,,No
SNDL Inc.,Public,432220968,Shareholders,OMERS Administration Corp.,"326,400",0.12,0.6,"326,400",,12/31/2024,13F,Low,32.82,Active,"12,331.95",Toronto,ON,Canada,Growth,Large Cap,Government Pension Sponsors,,,No
SNDL Inc.,Public,432220968,Shareholders,Cable Car Capital LLC,"306,195",0.12,0.5,0,,12/31/2024,13F,,,,"1,198.84",San Francisco,CA,USA,Aggressive Growth,Large Cap,Hedge Fund Managers (<5% stake),,,No
SNDL Inc.,Public,432220968,Shareholders,Winton Group Ltd.,"299,080",0.11,0.5,"-159,301",-34.75,12/31/2024,13F,High,167.21,Active,"1,486.88",London,,United Kingdom,Growth,Large Cap,Hedge Fund Managers (<5% stake),,,No
GS Holdings Corp. - (주)GS,Public,11169102,Shareholders,Chang-Soo Huh Chairperson & Co-CEO,"38,375,502",40.53,"1,033.5","-260,477",-0.67,10/2/2024,Exchange Announcement,,,,,,,South Korea,,,Individuals/Insiders,,,No
GS Holdings Corp. - (주)GS,Public,11169102,Shareholders,National Pension Service,"6,872,930",7.26,185.1,0,,6/30/2024,KLCA,Very Low,8.71,Active,"70,405.58",Jeonju-si,,South Korea,Growth,Large Cap,Government Pension Sponsors,1.0,,No
GS Holdings Corp. - (주)GS,Public,11169102,Shareholders,Yong-Su Huh,"4,889,718",5.16,131.7,0,,10/2/2024,Exchange Announcement,,,,,,,,,,Individuals/Insiders,,,No
GS Holdings Corp. - (주)GS,Public,11169102,Shareholders,Yeon-Soo Huh,"2,095,518",2.21,56.4,0,,10/2/2024,Exchange Announcement,,,,,,,,,,Individuals/Insiders,,,No
GS Holdings Corp. - (주)GS,Public,11169102,Shareholders,Tae-Soo Huh,"1,969,234",2.08,53.0,0,,10/2/2024,Exchange Announcement,,,,,,,,,,Individuals/Insiders,,,No
GS Holdings Corp. - (주)GS,Public,11169102,Shareholders,Vanguard Group Inc.,"1,767,600",1.87,47.6,"14,816",0.85,12/31/2024,Multiple,Very Low,2.83,Passive,"4,548,551.23",Malvern,PA,USA,Growth,Large Cap,Traditional Investment Managers,25.0,,No
GS Holdings Corp. - (주)GS,Public,11169102,Shareholders,Dong-Soo Hur Non-Standing Executive Director,"1,660,000",1.75,44.7,0,,9/30/2024,KLCA,,,,,,,,,,Individuals/Insiders,,,No
GS Holdings Corp. - (주)GS,Public,11169102,Shareholders,BlackRock Inc.,"1,567,665",1.66,42.2,"-91,649",-5.52,12/31/2024,Multiple,Very Low,6.47,Passive,"4,118,459.73",New York,NY,USA,Growth,Large Cap,Traditional Investment Managers,36.0,,No
GS Holdings Corp. - (주)GS,Public,11169102,Shareholders,Walk-Together Welfare Foundation,"1,505,000",1.59,40.5,0,,10/2/2024,Exchange Announcement,,,,,,,South Korea,Unclassified,,Charitable Foundations,,,No
GS Holdings Corp. - (주)GS,Public,11169102,Shareholders,Dimensional Fund Advisors LP,"1,265,642",1.34,34.1,"-19,742",-1.54,12/31/2024,Multiple,Very Low,9.68,Active,"408,728.86",Austin,TX,USA,GARP,Large Cap,Traditional Investment Managers,36.0,,No
GS Holdings Corp. - (주)GS,Public,11169102,Shareholders,SHINYOUNG Asset Management Co. Ltd.,"1,139,193",1.2,30.7,0,,7/23/2024,Aggregated Mutual Funds,Low,20.75,Active,5.31,,,South Korea,GARP,Small Cap,Traditional Investment Managers,19.0,,No
GS Holdings Corp. - (주)GS,Public,11169102,Shareholders,Norges Bank Investment Management,"917,307",0.97,24.7,0,,6/30/2024,Aggregated Mutual Funds,,,Active,"831,770.15",Oslo,,Norway,Growth,Large Cap,Sovereign Wealth Funds (<5% stake),1.0,,No
GS Holdings Corp. - (주)GS,Public,11169102,Shareholders,Kopernik Global Investors LLC,"752,440",0.79,20.3,0,,10/31/2024,Multiple,Low,28.5,Active,"2,245.31",Tampa,FL,USA,GARP,Mid Cap,Traditional Investment Managers,3.0,,No
GS Holdings Corp. - (주)GS,Public,11169102,Shareholders,BNY Asset Management,"581,344",0.61,15.7,835,0.14,12/31/2024,Multiple,Very Low,9.97,Active,"346,608.17",Boston,MA,USA,Growth,Large Cap,Traditional Investment Managers,8.0,,No
GS Holdings Corp. - (주)GS,Public,11169102,Shareholders,Charles Schwab Investment Management Inc.,"524,482",0.55,14.1,"58,344",12.52,12/31/2024,Aggregated Mutual Funds,Very Low,11.66,Passive,"378,386.00",San Francisco,CA,USA,Growth,Large Cap,Traditional Investment Managers,4.0,,No
GS Holdings Corp. - (주)GS,Public,11169102,Shareholders,Samsung Asset Management Co. Ltd.,"388,482",0.41,10.5,-215,-0.06,10/6/2024,Aggregated Mutual Funds,Very Low,9.06,Passive,"2,427.80",Seoul,,South Korea,Growth,Large Cap,Traditional Investment Managers,40.0,,No
GS Holdings Corp. - (주)GS,Public,11169102,Shareholders,Seungsan Group Corp.,"300,000",0.32,8.1,0,,10/2/2024,Exchange Announcement,,,,,,,South Korea,Unclassified,,Corporations (Private),,,No
GS Holdings Corp. - (주)GS,Public,11169102,Shareholders,Baring Asset Management Ltd.,"241,751",0.26,6.5,0,,6/29/2024,Aggregated Mutual Funds,Low,31.09,Active,"3,402.36",London,,United Kingdom,GARP,Large Cap,Traditional Investment Managers,4.0,,No
GS Holdings Corp. - (주)GS,Public,11169102,Shareholders,Goldman Sachs Asset Management LP,"238,897",0.25,6.4,"-7,249",-2.95,12/31/2024,Multiple,Low,23.69,Active,"234,949.35",New York,NY,USA,Growth,Large Cap,Traditional Investment Managers,7.0,,No
GS Holdings Corp. - (주)GS,Public,11169102,Shareholders,Geode Capital Management LLC,"238,245",0.25,6.4,"6,007",2.59,12/31/2024,Multiple,Very Low,2.55,Passive,"980,899.16",Boston,MA,USA,Growth,Large Cap,Traditional Investment Managers,12.0,,No
GS Holdings Corp. - (주)GS,Public,11169102,Shareholders,Mirae Asset Global Investments Co. Ltd.,"185,935",0.2,5.0,0,,12/31/2024,Aggregated Mutual Funds,Low,27.08,Passive,"63,840.32",Seoul,,South Korea,Growth,Large Cap,Traditional Investment Managers,31.0,,No
GS Holdings Corp. - (주)GS,Public,11169102,Shareholders,UBS Asset Management AG,"175,942",0.19,4.7,"15,707",9.80,12/31/2024,Aggregated Mutual Funds,Very Low,15.6,Active,"720,921.50",Zurich,,Switzerland,Growth,Large Cap,Traditional Investment Managers,9.0,,No
GS Holdings Corp. - (주)GS,Public,11169102,Shareholders,Causeway Capital Management LLC,"172,134",0.18,4.6,0,,9/30/2024,Multiple,Low,43.98,Active,"17,272.86",Los Angeles,CA,USA,Blend,Large Cap,Traditional Investment Managers,2.0,,Yes
GS Holdings Corp. - (주)GS,Public,11169102,Shareholders,Caisse de dépôt et placement du Québec,"160,870",0.17,4.3,0,,12/31/2023,Aggregated Mutual Funds,Low,28.47,Active,"61,908.92",Quebec,QC,Canada,Growth,Large Cap,Government Pension Sponsors,1.0,,No
GS Holdings Corp. - (주)GS,Public,11169102,Shareholders,State Street Global Advisors Inc.,"160,232",0.17,4.3,"6,424",4.18,11/30/2024,Multiple,Very Low,4.82,Passive,"1,894,308.49",Boston,MA,USA,Growth,Large Cap,Traditional Investment Managers,16.0,,No
ASX Limited,Public,1719233,Shareholders,UniSuper Ltd.,24038909.0,12.4,1093.5483894057400,0.0,,2024-07-09 00:00:00,Annual Report,,,,,Melbourne,,Australia,Unclassified,,Corporate Pension Sponsors,,,No
ASX Limited,Public,1719233,Shareholders,Australian Super Pty Ltd,20473785.0,10.56,931.3681669908280,0.0,,2024-08-19 00:00:00,Exchange Announcement,Very Low  ,16.463,Active    ,84131.65509205560,,,Australia,Growth,Large Cap ,Government Pension Sponsors,12.0,,No
ASX Limited,Public,1719233,Shareholders,State Street Global Advisors Inc.,13738581.0,7.09,624.9785764100300,5800.0,0.042,2024-12-02 00:00:00,Multiple,Very Low  ,5.0053,Passive   ,2202819.3434746600,Boston,MA,USA,Growth,Large Cap ,Traditional Investment Managers,41.0,,No
ASX Limited,Public,1719233,Shareholders,BlackRock Inc.,11712985.0,6.04,532.8326623260460,0.0,,2024-07-09 00:00:00,Annual Report,Very Low  ,6.8296,Passive   ,4856075.9660464300,New York,NY,USA,Growth,Large Cap ,Traditional Investment Managers,76.0,,No
ASX Limited,Public,1719233,Shareholders,Vanguard Group Inc.,9733048.0,5.02,442.763811136717,0.0,,2024-07-09 00:00:00,Annual Report,Very Low  ,2.8337,Passive   ,5455611.723969080,Malvern,PA,USA,Growth,Large Cap ,Traditional Investment Managers,31.0,,No
ASX Limited,Public,1719233,Shareholders,Norges Bank Investment Management,2841325.0,1.47,129.25405131856300,0.0,,2024-06-30 00:00:00,Aggregated Mutual Funds,Very Low  ,11.1558,Active    ,962386.8063728820,Oslo,,Norway,Growth,Large Cap ,Sovereign Wealth Funds (<5% stake),1.0,,No
ASX Limited,Public,1719233,Shareholders,Geode Capital Management LLC,2223350.0,1.15,101.14189506625500,-263087.0,-10.581,2024-12-31 00:00:00,Multiple,Very Low  ,2.5384,Passive   ,1221583.0736123000,Boston,MA,USA,Growth,Large Cap ,Traditional Investment Managers,15.0,,No
ASX Limited,Public,1719233,Shareholders,Australian Foundation Investment Co. Ltd.,1757000.0,0.91,79.9272762414417,75000.0,4.459,2024-12-31 00:00:00,Ownership News & Research,,,Passive   ,4354.74393642108,Melbourne,,Australia,Blend,Large Cap ,Traditional Investment Managers,,,No
ASX Limited,Public,1719233,Shareholders,Nt-Comnwlth Super Corp,1384171.0,0.71,62.96699936391160,0.0,,2024-07-09 00:00:00,Annual Report,,,,,Canberra,,Australia,Unclassified,,Traditional Investment Managers,,,No
ASX Limited,Public,1719233,Shareholders,BetaShares Capital Ltd.,1122369.0,0.58,51.057425787040800,-34928.0,-3.018,2024-12-31 00:00:00,Aggregated Mutual Funds,Very Low  ,13.3971,Passive   ,15591.155345169900,Sydney,,Australia,Growth,Large Cap ,Traditional Investment Managers,7.0,,No
ASX Limited,Public,1719233,Shareholders,UBS Asset Management AG,930323.0,0.48,42.321106098330500,-47400.0,-4.848,2024-12-31 00:00:00,Aggregated Mutual Funds,Very Low  ,16.8168,Active    ,739675.6911817280,Zurich,,Switzerland,Growth,Large Cap ,Traditional Investment Managers,51.0,,No
ASX Limited,Public,1719233,Shareholders,Amundi Asset Management SAS,761298.0,0.39,34.63202933867790,62724.0,8.979,2024-12-30 00:00:00,Aggregated Mutual Funds,Low       ,29.1133,Active    ,379956.97422394700,Paris,,France,Growth,Large Cap ,Traditional Investment Managers,19.0,,No
ASX Limited,Public,1719233,Shareholders,Schroder Investment Management Ltd.,701266.0,0.36,31.9011276612014,-38520.0,-5.207,2024-12-31 00:00:00,Aggregated Mutual Funds,Low       ,28.6106,Active    ,135622.6969845020,London,,United Kingdom,Growth,Large Cap ,Traditional Investment Managers,6.0,,No
ASX Limited,Public,1719233,Shareholders,Netwealth Investments Ltd.,691903.0,0.36,31.475197617121400,0.0,,2024-07-09 00:00:00,Annual Report,,,,,Melbourne,,Australia,Unclassified,,Traditional Investment Managers,,,No
ASX Limited,Public,1719233,Shareholders,Van Eck Associates Corp.,655651.0,0.34,29.826066360260400,608.0,0.093,2024-12-31 00:00:00,Multiple,Low       ,26.8782,Passive   ,106781.79351684500,New York,NY,USA,Aggressive Growth,Large Cap ,Traditional Investment Managers,6.0,,No
ASX Limited,Public,1719233,Shareholders,Charles Schwab Investment Management Inc.,585981.0,0.3,26.656724677994500,27978.0,5.014,2024-12-31 00:00:00,Aggregated Mutual Funds,Very Low  ,11.6742,Passive   ,456610.5859361090,Lone Tree,CO,USA,Growth,Large Cap ,Traditional Investment Managers,4.0,,No
ASX Limited,Public,1719233,Shareholders,JP Morgan Asset Management,565557.0,0.29,25.727621268799700,3645.0,0.649,2024-12-31 00:00:00,Multiple,Low       ,23.2812,Active    ,707048.759915898,New York,NY,USA,Growth,Large Cap ,Traditional Investment Managers,4.0,,No
ASX Limited,Public,1719233,Shareholders,Dimensional Fund Advisors LP,562674.0,0.29,25.596471389799100,7039.0,1.267,2024-12-31 00:00:00,Multiple,Very Low  ,10.1081,Active    ,482289.15910903600,Austin,TX,USA,Growth,Large Cap ,Traditional Investment Managers,27.0,,No
ASX Limited,Public,1719233,Shareholders,Djerriwarrh Investments Ltd.,316000.0,0.16,14.375082124243400,0.0,,2024-07-09 00:00:00,Annual Report,,,Active    ,349.88269585662,Melbourne,,Australia,Blend,Large Cap ,Traditional Investment Managers,,,No
ASX Limited,Public,1719233,Shareholders,Law Venture Pty Ltd.,308999.0,0.16,14.056601269965400,0.0,,2024-07-09 00:00:00,Annual Report,,,,,,,Australia,Unclassified,,Corporations (Private),,,No
ASX Limited,Public,1719233,Shareholders,Sjunde AP-fonden,299175.0,0.15,13.60969998265980,0.0,,2024-06-28 00:00:00,Aggregated Mutual Funds,Very Low  ,2.4418,Active    ,92929.75145158360,Stockholm,,Sweden,Growth,Large Cap ,Government Pension Sponsors,1.0,,No
ASX Limited,Public,1719233,Shareholders,Teachers Insurance and Annuity Association-College Retirement Equities Fund,289508.0,0.15,13.169940745650100,56718.0,24.364,2024-12-31 00:00:00,Multiple,Very Low  ,15.8439,Active    ,278250.544064066,New York,NY,USA,Growth,Large Cap ,Traditional Investment Managers,4.0,,No
ASX Limited,Public,1719233,Shareholders,Mutual Trust Pty. Ltd.,286839.0,0.15,13.048525890619700,0.0,,2024-07-09 00:00:00,Annual Report,,,,,Melbourne,,Australia,Unclassified,,Family Offices/Trusts,,,No
ASX Limited,Public,1719233,Shareholders,BNY Asset Management,246689.0,0.13,11.222071627049000,-12695.0,-4.894,2024-12-31 00:00:00,Multiple,Very Low  ,10.6746,Active    ,366208.12437499200,Boston,MA,USA,Growth,Large Cap ,Traditional Investment Managers,12.0,,No
ASX Limited,Public,1719233,Shareholders,Deutsche Asset & Wealth Management,229770.0,0.12,10.452413353441100,44903.0,24.289,2024-12-31 00:00:00,Aggregated Mutual Funds,Very Low  ,19.739,Active    ,272981.4848237870,New York,NY,USA,Growth,Large Cap ,Traditional Investment Managers,12.0,,No
Berkshire Hathaway Inc.,Public,255251,Shareholders,"Warren E. Buffett Chairman, CEO & President","206,359",14.34,"140,514.0","-1,604",-0.77,12/4/2024,Form 4,,,,,,NE,USA,,,Individuals/Insiders,,,No
Berkshire Hathaway Inc.,Public,255251,Shareholders,Vanguard Group Inc.,"102,566",7.13,"69,839.2","1,078",1.06,12/31/2024,13F,Very Low,2.83,Passive,"6,637,336.92",Malvern,PA,USA,Growth,Large Cap,Traditional Investment Managers,40.0,,No
Berkshire Hathaway Inc.,Public,255251,Shareholders,BlackRock Inc.,"74,439",5.17,"50,687.0",348,0.47,12/31/2024,13F,Very Low,6.47,Passive,"6,009,738.80",New York,NY,USA,Growth,Large Cap,Traditional Investment Managers,146.0,,No
Berkshire Hathaway Inc.,Public,255251,Shareholders,State Street Global Advisors Inc.,"48,171",3.35,"32,800.6",734,1.55,12/31/2024,13F,Very Low,4.82,Passive,"2,764,212.84",Boston,MA,USA,Growth,Large Cap,Traditional Investment Managers,62.0,,No
Berkshire Hathaway Inc.,Public,255251,Shareholders,Principal Gestão De Investimentos Ltda.,"42,672",2.97,"29,056.2",0,,3/31/2024,Aggregated Mutual Funds,Low,31.19,Active,46.09,Belo Horizonte,,Brazil,Growth,Large Cap,Traditional Investment Managers,1.0,,No
Berkshire Hathaway Inc.,Public,255251,Shareholders,FMR LLC,"37,228",2.59,"25,349.3",-478,-1.27,12/31/2024,13F,Low,21.72,Active,"1,631,954.60",Boston,MA,USA,Growth,Large Cap,Traditional Investment Managers,49.0,,No
Berkshire Hathaway Inc.,Public,255251,Shareholders,Investidor Profissional Gestão de Recursos Ltda,"34,820",2.42,"23,709.6",0,,12/31/2024,Multiple,Low,48.32,Active,261.21,Rio de Janeiro,RJ,Brazil,Growth,Large Cap,Hedge Fund Managers (<5% stake),4.0,,No
Berkshire Hathaway Inc.,Public,255251,Shareholders,Geode Capital Management LLC,"25,320",1.76,"17,240.9",819,3.34,12/31/2024,13F,Very Low,2.55,Passive,"1,431,347.67",Boston,MA,USA,Growth,Large Cap,Traditional Investment Managers,25.0,,No
Berkshire Hathaway Inc.,Public,255251,Shareholders,First Manhattan Co. LLC,"16,072",1.12,"10,943.7",86,0.54,12/31/2024,13F,Very Low,9.77,Active,"34,082.21",New York,NY,USA,Growth,Large Cap,Traditional Investment Managers,1.0,,No
Berkshire Hathaway Inc.,Public,255251,Shareholders,Norges Bank Investment Management,"14,187",0.99,"9,660.2",-118,-0.83,12/31/2024,13F,,,Active,"1,213,735.64",Oslo,,Norway,Growth,Large Cap,Sovereign Wealth Funds (<5% stake),1.0,,No
Berkshire Hathaway Inc.,Public,255251,Shareholders,Bill & Melinda Gates Foundation Trust,"13,109",0.91,"8,926.2","-1,656",-11.22,12/31/2024,13F,Very Low,2.19,Active,"44,609.85",Kirkland,WA,USA,Growth,Large Cap,Charitable Foundations,,,No
Berkshire Hathaway Inc.,Public,255251,Shareholders,Morgan Stanley,"12,032",0.84,"8,192.8",943,8.50,12/31/2024,13F,Very Low,19.16,Active,"605,036.40",New York,NY,USA,Growth,Large Cap,Banks/Investment Banks,,,No
Berkshire Hathaway Inc.,Public,255251,Shareholders,Northern Trust Global Investments,"11,257",0.78,"7,665.1",752,7.16,12/31/2024,13F,Very Low,5.67,Active,"686,753.27",,,United Kingdom,Growth,Large Cap,Traditional Investment Managers,23.0,,No
Berkshire Hathaway Inc.,Public,255251,Shareholders,Corient Private Wealth LLC,"10,081",0.7,"6,864.4","7,873",356.57,12/31/2024,13F,Very Low,14.16,,"51,715.35",Miami,FL,USA,Growth,Large Cap,Traditional Investment Managers,,,No
Berkshire Hathaway Inc.,Public,255251,Shareholders,BNY Asset Management,"8,601",0.6,"5,856.6",-17,-0.20,12/31/2024,13F,Very Low,9.97,Active,"505,777.58",Boston,MA,USA,Growth,Large Cap,Traditional Investment Managers,32.0,,No
Berkshire Hathaway Inc.,Public,255251,Shareholders,UBS Asset Management AG,"8,420",0.59,"5,733.3",208,2.53,12/31/2024,Multiple,Very Low,15.6,Active,"1,051,983.07",Zurich,,Switzerland,Growth,Large Cap,Traditional Investment Managers,91.0,,No
Berkshire Hathaway Inc.,Public,255251,Shareholders,Itaú Unibanco Holding SA,"8,140",0.57,"5,542.7",0,,9/30/2024,Aggregated Mutual Funds,Low,32.43,Active,"4,395.73",São Paulo,SP,Brazil,Growth,Large Cap,Traditional Investment Managers,1.0,,No
Berkshire Hathaway Inc.,Public,255251,Shareholders,Accredited Investors Inc,"8,038",0.56,"5,473.2","7,920","6,711.86",12/31/2024,13F,Low,20.23,Active,"6,502.39",Edina,MN,USA,Growth,Large Cap,Traditional Investment Managers,,,No
Berkshire Hathaway Inc.,Public,255251,Shareholders,Eaton Vance Management,"7,733",0.54,"5,265.6",98,1.28,12/31/2024,Aggregated 13F,Very Low,9.01,Active,"426,376.26",Boston,MA,USA,Growth,Large Cap,Traditional Investment Managers,9.0,,No
Berkshire Hathaway Inc.,Public,255251,Shareholders,JP Morgan Asset Management,"7,511",0.52,"5,114.4",286,3.96,12/31/2024,13F,Low,22.52,Active,"878,226.58",New York,NY,USA,Growth,Large Cap,Traditional Investment Managers,66.0,,No
Berkshire Hathaway Inc.,Public,255251,Shareholders,Charles Schwab Investment Management Inc.,"7,304",0.51,"4,973.4",194,2.73,12/31/2024,Aggregated 13F,Very Low,11.66,Passive,"552,148.42",San Francisco,CA,USA,Growth,Large Cap,Traditional Investment Managers,13.0,,No
Berkshire Hathaway Inc.,Public,255251,Shareholders,BB Gestão de Recursos - Distribuidora de Títulos e Valores Mobiliários SA,"7,235",0.5,"4,926.5",0,,6/30/2024,Aggregated Mutual Funds,Low,23.31,Active,"2,826.25",,,Brazil,Growth,Large Cap,Traditional Investment Managers,1.0,,No
Berkshire Hathaway Inc.,Public,255251,Shareholders,T. Rowe Price Group Inc.,"6,925",0.48,"4,715.4",-416,-5.67,12/31/2024,13F,Low,23.23,Active,"1,108,786.13",Baltimore,MD,USA,Growth,Large Cap,Traditional Investment Managers,28.0,,No
Berkshire Hathaway Inc.,Public,255251,Shareholders,Prodigy Asset Management LLC,"5,103",0.35,"3,474.7","5,103",,12/31/2024,13F,,,,"3,851.01",Omaha,NE,USA,Growth,Large Cap,Hedge Fund Managers (<5% stake),,,No
Berkshire Hathaway Inc.,Public,255251,Shareholders,Dimensional Fund Advisors LP,"4,872",0.34,"3,317.4",-162,-3.22,12/31/2024,13F,Very Low,9.68,Active,"596,425.33",Austin,TX,USA,GARP,Large Cap,Traditional Investment Managers,40.0,,No